,id,id_site,phy_name,id_phy,unit
0,BZPENH,PENHUV,C6H6,V4,microg/m3
1,OXPENH,PENHUV,C8H10_ox,VV,microg/m3
2,TLPENH,PENHUV,C7H8,VQ,microg/m3
3,MPPENH,PENHUV,C8H10_mp,VU,microg/m3
4,HgMLVR,MLVR,Hg_gaz,97,ng/m3
5,CoupeC4_PENH,PENHUV,MT,MT,microg/m3
6,MPMLVR,MLVR,C8H10_mp,VU,microg/m3
7,ETMLVR,MLVR,C8H10,VA,microg/m3
8,STPENH,PENHUV,C8H8,R2,microg/m3
9,ETPENH,PENHUV,C8H10,VA,microg/m3
10,C2Cl4MLVR,MLVR,C2Cl4,H4,microg/m3
11,STMLVR,MLVR,C8H8,R2,microg/m3
12,C2H2Cl2MLVR,MLVR,C2H2Cl2,H8,microg/m3
13,C6H12MLVR,MLVR,C6H12_ch,OA,microg/m3
14,C2HCl3MLVR,MLVR,C2HCl3,H3,microg/m3
15,C2CI4_PENH,PENHUV,C2Cl4,H4,microg/m3
16,C2H2CI2_PENH,PENHUV,C2H2Cl2,H8,microg/m3
17,C2HCI3_PENH,PENHUV,C2HCl3,H3,microg/m3
18,C6H12_PENH,PENHUV,C6H12_ch,OA,microg/m3
19,DVBETG,BETG,DV,52,degre
20,VVBETG,BETG,VV,51,m/s
21,TCBETG,BETG,TC,54,degreC
22,C4H6_BETG,BETG,C4H6_13b,V0,microg/m3
23,C6H6_Berre,BETG,C6H6,V4,microg/m3
24,C7H8_Berre,BETG,C7H8,VQ,microg/m3
25,DVFSCB,FSCB,DV,52,degre
26,VVFSCB,FSCB,VV,51,mV
27,TCTRIDFSCB,FSCB,TC,54,degreC
28,CoupeC4_FSCB,FSCB,MT,MT,microg/m3
29,BZFSCB,FSCB,C6H6,V4,microg/m3
30,C2Cl4FSCB,FSCB,C2Cl4,H4,microg/m3
31,C2H2Cl2FSCB,FSCB,C2H2Cl2,H8,microg/m3
32,C2HCl3FSCB,FSCB,C2HCl3,H3,microg/m3
33,C6H12FSCB,FSCB,C6H12_ch,OA,microg/m3
34,ETFSCB,FSCB,C8H10,VA,microg/m3
35,MPFSCB,FSCB,C8H10_mp,VU,microg/m3
36,OXFSCB,FSCB,C8H10_ox,VV,microg/m3
37,STFSCB,FSCB,C8H8,R2,microg/m3
38,TLFSCB,FSCB,C7H8,VQ,microg/m3
39,C2H3Cl_BETG,BETG,C2H3Cl,0N,microg/m3
40,C2H3Cl_PDBL,PDBL,C2H3Cl,0N,microg/m3
41,C4H6_PDBL,PDBL,C4H6_13b,V0,microg/m3
42,C2H4_BETG,BETG,C2H4,V9,microg/m3
43,C2H6_BETG,BETG,C2H6,V8,microg/m3
44,C3H6_BETG,BETG,C3H6,VP,microg/m3
45,C3H8_BETG,BETG,C3H8,VN,microg/m3
46,C4H10n_BETG,BETG,C4H10_nb,V6,microg/m3
47,C4H8_BETG,BETG,C4H8_t2b,V2,microg/m3
48,C4H8b_BETG,BETG,C4H8_1b,V1,microg/m3
49,C4H8cis_BETG,BETG,C4H8_c2b,V7,microg/m3
50,C5H10_BETG,BETG,C5H10_1p,VL,microg/m3
51,C5H10c_BETG,BETG,C5H10_c2p,WI,microg/m3
52,C5H10p_BETG,BETG,C5H10_cp,Ut,microg/m3
53,C5H10t_BETG,BETG,C5H10_t2p,WH,microg/m3
54,C5H12_BETG,BETG,C5H12_ip,VI,microg/m3
55,C5H12n_BETG,BETG,C5H12_np,VK,microg/m3
56,C5H8_BETG,BETG,C5H8,VF,microg/m3
57,C6H12m_BETG,BETG,C6H12_mcp,W7,microg/m3
58,C6H14d_BETG,BETG,C6H14_23d,O3,microg/m3
59,C2H6_PDBL,PDBL,C2H6,V8,microg/m3
60,C5H8_PDBL,PDBL,C5H8,VF,microg/m3
61,C3H6_PDBL,PDBL,C3H6,VP,microg/m3
62,C3H8_PDBL,PDBL,C3H8,VN,microg/m3
63,C4H10n_PDBL,PDBL,C4H10_nb,V6,microg/m3
64,C4H8_PDBL,PDBL,C4H8_t2b,V2,microg/m3
65,C4H8b_PDBL,PDBL,C4H8_1b,V1,microg/m3
66,C4H8cis_PDBL,PDBL,C4H8_c2b,V7,microg/m3
67,C5H10_PDBL,PDBL,C5H10_1p,VL,microg/m3
68,C5H10c_PDBL,PDBL,C5H10_c2p,WI,microg/m3
69,C5H10p_PDBL,PDBL,C5H10_cp,Ut,microg/m3
70,C5H10t_PDBL,PDBL,C5H10_t2p,WH,microg/m3
71,C5H12_PDBL,PDBL,C5H12_ip,VI,microg/m3
72,C5H12n_PDBL,PDBL,C5H12_np,VK,microg/m3
73,C2H4_PDBL,PDBL,C2H4,V9,microg/m3
74,C6H14d_PDBL,PDBL,C6H14_23d,O3,microg/m3
75,C6H12m_PDBL,PDBL,C6H12_mcp,W7,microg/m3
76,C2H3Cl_MLVR,MLVR,C2H3Cl,0N,microg/m3
77,C2H4_MLVR,MLVR,C2H4,V9,microg/m3
78,C2H6_MLVR,MLVR,C2H6,V8,microg/m3
79,C3H6_MLVR,MLVR,C3H6,VP,microg/m3
80,C3H8_MLVR,MLVR,C3H8,VN,microg/m3
81,C4H10n_MLVR,MLVR,C4H10_nb,V6,microg/m3
82,C4H6_MLVR,MLVR,C4H6_13b,V0,microg/m3
83,C4H8_MLVR,MLVR,C4H8_t2b,V2,microg/m3
84,C4H8b_MLVR,MLVR,C4H8_1b,V1,microg/m3
85,C4H8cis_MLVR,MLVR,C4H8_c2b,V7,microg/m3
86,C5H10_MLVR,MLVR,C5H10_1p,VL,microg/m3
87,C5H10c_MLVR,MLVR,C5H10_c2p,WI,microg/m3
88,C5H10p_MLVR,MLVR,C5H10_cp,Ut,microg/m3
89,C5H10t_MLVR,MLVR,C5H10_t2p,WH,microg/m3
90,C5H12_MLVR,MLVR,C5H12_ip,VI,microg/m3
91,C5H12n_MLVR,MLVR,C5H12_np,VK,microg/m3
92,C6H12m_MLVR,MLVR,C6H12_mcp,W7,microg/m3
93,C6H14d_MLVR,MLVR,C6H14_23d,O3,microg/m3
94,C5H8_MLVR,MLVR,C5H8,VF,microg/m3
95,C7H8_MLVR,MLVR,C7H8,VQ,microg/m3
96,C6H6_MLVR,MLVR,C6H6,V4,microg/m3
97,C6H12_ch_MLVR,MLVR,C6H12_ch,OA,microg/m3
98,C6H6_PDBL,PDBL,C6H6,V4,microg/m3
99,C7H8_PDBL,PDBL,C7H8,VQ,microg/m3
100,C6H12_ch_PDBL,PDBL,C6H12_ch,OA,microg/m3
101,C6H14_22d_Berre,BETG,C6H14_22d,WB,microg/m3
102,C6H14_2mp_BETG,BETG,C6H14_2mp,WC,microg/m3
103,C6H12_1h_Berre,BETG,C6H12_1h,VE,microg/m3
104,C6H12_ch_Berre,BETG,C6H12_ch,OA,microg/m3
105,C8H18_tmp_Berre,BETG,C8H18_tmp,VG,microg/m3
106,C7H16_nh_BETG,BETG,C7H16_nh,VC,microg/m3
107,C8H18_no_Berre,BETG,C8H18_no,VH,microg/m3
108,C8H10_Berre,BETG,C8H10,VA,microg/m3
109,C8H10_mp_BETG,BETG,C8H10_mp,VU,microg/m3
110,C8H8_Berre,BETG,C8H8,R2,microg/m3
111,C8H10_ox_Berre,BETG,C8H10_ox,VV,microg/m3
112,C9H20_nn_Berre,BETG,C9H20_nn,VX,microg/m3
113,C9H12_n_BETG,BETG,C9H12_npb,Vd,microg/m3
114,C9H12_135t_BETG,BETG,C9H12_135t,VT,microg/m3
115,C9H12_124t_BETG,BETG,C9H12_124t,VS,microg/m3
116,C6H4Cl2_Berre,BETG,C6H4Cl2_12,R4,microg/m3
117,C9H12_123t_BETG,BETG,C9H12_123t,VR,microg/m3
118,C6H14_22d_MLVR,MLVR,C6H14_22d,WB,microg/m3
119,C6H14_2mp_MLVR,MLVR,C6H14_2mp,WC,microg/m3
120,C6H12_1h_MLVR,MLVR,C6H12_1h,VE,microg/m3
121,C9H20_nn_MLVR,MLVR,C9H20_nn,VX,microg/m3
122,C6H14n_MLVR,MLVR,C6H14n,VD,microg/m3
123,C8H10_MLVR,MLVR,C8H10,VA,microg/m3
124,C8H10_mp_MLVR,MLVR,C8H10_mp,VU,microg/m3
125,C8H8_MLVR,MLVR,C8H8,R2,microg/m3
126,C8H10_ox_MLVR,MLVR,C8H10_ox,VV,microg/m3
127,C9H12_n_MLVR,MLVR,C9H12_npb,Vd,microg/m3
128,C9H12_135t_MLVR,MLVR,C9H12_135t,VT,microg/m3
129,C9H12_124t_MLVR,MLVR,C9H12_124t,VS,microg/m3
130,C6H4Cl2_MLVR,MLVR,C6H4Cl2_12,R4,microg/m3
131,C9H12_123t_MLVR,MLVR,C9H12_123t,VR,microg/m3
132,C2HCl3_tri_MLVR,MLVR,C2HCl3,H3,microg/m3
133,C2Cl4_te_MLVR,MLVR,C2Cl4,H4,microg/m3
134,C4H10_ib_MLVR,MLVR,C4H10_ib,V5,microg/m3
135,C6H14_3ME_MLVR,MLVR,C6H14_3-ME,WD,microg/m3
136,C7H16_MLVR,MLVR,C7H16,O7,microg/m3
137,C6H7_23DME_MLVR,MLVR,C6H7_23DME,OC,microg/m3
138,C8H18_tmp_MLVR,MLVR,C8H18_tmp,VG,microg/m3
139,C7H16_nh_MLVR,MLVR,C7H16_nh,VC,microg/m3
140,C8H18_no_MLVR,MLVR,C8H18_no,VH,microg/m3
141,C10H8_MLVR,MLVR,C10H8,QA,microg/m3
142,C4H10_ib_BETG,BETG,C4H10_ib,V5,microg/m3
143,C6H14_3ME_BETG,BETG,C6H14_3-ME,WD,microg/m3
144,C6H14n_BETG,BETG,C6H14n,VD,microg/m3
145,C7H16_BETG,BETG,C7H16,O7,microg/m3
146,C6H7_23DME_BETG,BETG,C6H7_23DME,OC,microg/m3
147,C7H14_Berre,BETG,C7H14,W6,microg/m3
148,C10H8_Berre,BETG,C10H8,QA,microg/m3
149,C2HCl3_tri_BETG,BETG,C2HCl3,H3,microg/m3
150,C2Cl4_te_BETG,BETG,C2Cl4,H4,microg/m3
151,C4H10_ib_PDBL,PDBL,C4H10_ib,V5,microg/m3
152,C6H14_3ME_PDBL,PDBL,C6H14_3-ME,WD,microg/m3
153,C6H14n_PDBL,PDBL,C6H14n,VD,microg/m3
154,C7H16_PDBL,PDBL,C7H16,O7,microg/m3
155,C6H7_23DME_PDBL,PDBL,C6H7_23DME,OC,microg/m3
156,C6H14_22d_PDBL,PDBL,C6H14_22d,WB,microg/m3
157,C6H14_2mp_PDBL,PDBL,C6H14_2mp,WC,microg/m3
158,C6H12_1h_PDBL,PDBL,C6H12_1h,VE,microg/m3
159,C8H18_tmp_PDBL,PDBL,C8H18_tmp,VG,microg/m3
160,C7H16_nh_PDBL,PDBL,C7H16_nh,VC,microg/m3
161,C7H14_PDBL,PDBL,C7H14,W6,microg/m3
162,C8H18_no_PDBL,PDBL,C8H18_no,VH,microg/m3
163,C8H10_PDBL,PDBL,C8H10,VA,microg/m3
164,C8H10_mp_PDBL,PDBL,C8H10_mp,VU,microg/m3
165,C8H8_PDBL,PDBL,C8H8,R2,microg/m3
166,C8H10_ox_PDBL,PDBL,C8H10_ox,VV,microg/m3
167,C9H20_nn_PDBL,PDBL,C9H20_nn,VX,microg/m3
168,C9H12_n_PDBL,PDBL,C9H12_npb,Vd,microg/m3
169,C9H12_135t_PDBL,PDBL,C9H12_135t,VT,microg/m3
170,C9H12_124t_PDBL,PDBL,C9H12_124t,VS,microg/m3
171,C6H4Cl2_PDBL,PDBL,C6H4Cl2_12,R4,microg/m3
172,C9H12_123t_PDBL,PDBL,C9H12_123t,VR,microg/m3
173,C10H8_PDBL,PDBL,C10H8,QA,microg/m3
174,C2HCl3_tri_PDBL,PDBL,C2HCl3,H3,microg/m3
175,C2Cl4_te_PDBL,PDBL,C2Cl4,H4,microg/m3
176,C2H4Cl2_PDBL,PDBL,C2H4Cl2,H9,microg/m3
177,C2H4CL2_MLVR,MLVR,C2H4Cl2,H9,microg/m3
178,C2H4Cl2_Berre,BETG,C2H4Cl2,H9,microg/m3
179,CAL_C2H3Cl_MLVR,MLVR,MT,MT,microg/m3
180,CAL_C6H6_MLVR,MLVR,MT,MT,microg/m3
181,CAL_C4H10n_MLVR,MLVR,MT,MT,ppb
182,CAL_C10H8_MLVR,MLVR,MT,MT,microg/m3
183,CAL_C4H10n_BETG,BETG,MT,MT,microg/m3
184,CAL_C2H3Cl_BETG,BETG,MT,MT,microg/m3
185,CAL_C6H6_BETG,BETG,MT,MT,microg/m3
186,CAL_C10H8_BETG,BETG,MT,MT,microg/m3
187,CAL_C4H10n_PDBL,PDBL,MT,MT,microg/m3
188,CAL_C2H3Cl_PDBL,PDBL,MT,MT,microg/m3
189,CAL_C6H6_PDBL,PDBL,MT,MT,microg/m3
190,CAL_C10H8_PDBL,PDBL,MT,MT,microg/m3
191,BZMOBILE_14,MOBILE_14,C6H6,V4,microg/m3
192,C2CI4MOBILE_14,MOBILE_14,C2Cl4,H4,microg/m3
193,C2H2Cl2MOBIL_14,MOBILE_14,C2H2Cl2,H8,microg/m3
194,C2HCL3_MOBILE14,MOBILE_14,C2HCl3,H3,microg/m3
195,C6H12_MOBILE14,MOBILE_14,C6H12_ch,OA,microg/m3
196,CoupeC4Mobile14,MOBILE_14,MT,MT,microg/m3
197,ETMOBILE_14,MOBILE_14,C8H10,VA,microg/m3
198,MPMOBILE_14,MOBILE_14,C8H10_mp,VU,microg/m3
199,OXMOBILE_14,MOBILE_14,C8H10_ox,VV,microg/m3
200,STMOBILE_14,MOBILE_14,C8H8,R2,microg/m3
201,TLMOBILE_14,MOBILE_14,C7H8,VQ,microg/m3
202,BZRBRT,RBRT,C6H6,V4,microg/m3
203,C2CL4RBRT,RBRT,C2Cl4,H4,microg/m3
204,C2H2Cl2RBRT,RBRT,C2H2Cl2,H8,microg/m3
205,C2HCl3RBRT,RBRT,C2HCl3,H3,microg/m3
206,C6H12RBRT,RBRT,C6H12_ch,OA,microg/m3
207,CoupeC4RBRT,RBRT,MT,MT,microg/m3
208,ETRBRT,RBRT,C8H10,VA,microg/m3
209,MPRBRT,RBRT,C8H10_mp,VU,microg/m3
210,OXRBRT,RBRT,C8H10_ox,VV,microg/m3
211,STRBRT,RBRT,C8H8,R2,microg/m3
212,TLRBRT,RBRT,C7H8,VQ,microg/m3
213,CoupeC4MLVR,MLVR,MT,MT,microg/m3
214,BZMLVR,MLVR,C6H6,V4,microg/m3
215,OXMLVR,MLVR,C8H10_ox,VV,microg/m3
216,TLMLVR,MLVR,C7H8,VQ,microg/m3
0,BTEXFSCB,FSCB,BTEX,BTEX,microg/m3
1,BTEXFSCB,FSCB,BTEX,BTEX,microg/m3
2,BTEXFSCB,FSCB,BTEX,BTEX,microg/m3
3,BTEXFSCB,FSCB,BTEX,BTEX,microg/m3
4,BTEXFSCB,FSCB,BTEX,BTEX,microg/m3
5,BTEXFSCB,FSCB,BTEX,BTEX,microg/m3
6,BTEXFSCB,FSCB,BTEX,BTEX,microg/m3
7,BTEXFSCB,FSCB,BTEX,BTEX,microg/m3
8,BTEXFSCB,FSCB,BTEX,BTEX,microg/m3
9,BTEXFSCB,FSCB,BTEX,BTEX,microg/m3
10,BTEXFSCB,FSCB,BTEX,BTEX,microg/m3
11,BTEXFSCB,FSCB,BTEX,BTEX,microg/m3
12,BTEXFSCB,FSCB,BTEX,BTEX,microg/m3
13,BTEXFSCB,FSCB,BTEX,BTEX,microg/m3
14,BTEXFSCB,FSCB,BTEX,BTEX,microg/m3
15,BTEXFSCB,FSCB,BTEX,BTEX,microg/m3
16,BTEXFSCB,FSCB,BTEX,BTEX,microg/m3
17,BTEXFSCB,FSCB,BTEX,BTEX,microg/m3
18,BTEXFSCB,FSCB,BTEX,BTEX,microg/m3
19,BTEXFSCB,FSCB,BTEX,BTEX,microg/m3
20,BTEXFSCB,FSCB,BTEX,BTEX,microg/m3
21,BTEXFSCB,FSCB,BTEX,BTEX,microg/m3
22,BTEXFSCB,FSCB,BTEX,BTEX,microg/m3
23,BTEXFSCB,FSCB,BTEX,BTEX,microg/m3
24,BTEXFSCB,FSCB,BTEX,BTEX,microg/m3
25,BTEXFSCB,FSCB,BTEX,BTEX,microg/m3
26,BTEXFSCB,FSCB,BTEX,BTEX,microg/m3
27,BTEXFSCB,FSCB,BTEX,BTEX,microg/m3
28,BTEXFSCB,FSCB,BTEX,BTEX,microg/m3
29,BTEXFSCB,FSCB,BTEX,BTEX,microg/m3
30,BTEXFSCB,FSCB,BTEX,BTEX,microg/m3
31,BTEXFSCB,FSCB,BTEX,BTEX,microg/m3
32,BTEXFSCB,FSCB,BTEX,BTEX,microg/m3
33,BTEXFSCB,FSCB,BTEX,BTEX,microg/m3
34,BTEXFSCB,FSCB,BTEX,BTEX,microg/m3
35,BTEXFSCB,FSCB,BTEX,BTEX,microg/m3
36,BTEXFSCB,FSCB,BTEX,BTEX,microg/m3
37,BTEXFSCB,FSCB,BTEX,BTEX,microg/m3
38,BTEXFSCB,FSCB,BTEX,BTEX,microg/m3
39,BTEXFSCB,FSCB,BTEX,BTEX,microg/m3
40,BTEXFSCB,FSCB,BTEX,BTEX,microg/m3
41,BTEXFSCB,FSCB,BTEX,BTEX,microg/m3
42,BTEXFSCB,FSCB,BTEX,BTEX,microg/m3
43,BTEXFSCB,FSCB,BTEX,BTEX,microg/m3
44,BTEXFSCB,FSCB,BTEX,BTEX,microg/m3
45,BTEXFSCB,FSCB,BTEX,BTEX,microg/m3
46,BTEXFSCB,FSCB,BTEX,BTEX,microg/m3
47,BTEXFSCB,FSCB,BTEX,BTEX,microg/m3
48,BTEXFSCB,FSCB,BTEX,BTEX,microg/m3
49,BTEXFSCB,FSCB,BTEX,BTEX,microg/m3
50,BTEXFSCB,FSCB,BTEX,BTEX,microg/m3
51,BTEXFSCB,FSCB,BTEX,BTEX,microg/m3
52,BTEXFSCB,FSCB,BTEX,BTEX,microg/m3
53,BTEXFSCB,FSCB,BTEX,BTEX,microg/m3
54,BTEXFSCB,FSCB,BTEX,BTEX,microg/m3
55,BTEXFSCB,FSCB,BTEX,BTEX,microg/m3
56,BTEXFSCB,FSCB,BTEX,BTEX,microg/m3
57,BTEXFSCB,FSCB,BTEX,BTEX,microg/m3
58,BTEXFSCB,FSCB,BTEX,BTEX,microg/m3
59,BTEXFSCB,FSCB,BTEX,BTEX,microg/m3
60,BTEXFSCB,FSCB,BTEX,BTEX,microg/m3
61,BTEXFSCB,FSCB,BTEX,BTEX,microg/m3
62,BTEXFSCB,FSCB,BTEX,BTEX,microg/m3
63,BTEXFSCB,FSCB,BTEX,BTEX,microg/m3
64,BTEXFSCB,FSCB,BTEX,BTEX,microg/m3
65,BTEXFSCB,FSCB,BTEX,BTEX,microg/m3
66,BTEXFSCB,FSCB,BTEX,BTEX,microg/m3
67,BTEXFSCB,FSCB,BTEX,BTEX,microg/m3
68,BTEXFSCB,FSCB,BTEX,BTEX,microg/m3
69,BTEXFSCB,FSCB,BTEX,BTEX,microg/m3
70,BTEXFSCB,FSCB,BTEX,BTEX,microg/m3
71,BTEXFSCB,FSCB,BTEX,BTEX,microg/m3
72,BTEXFSCB,FSCB,BTEX,BTEX,microg/m3
73,BTEXFSCB,FSCB,BTEX,BTEX,microg/m3
74,BTEXFSCB,FSCB,BTEX,BTEX,microg/m3
75,BTEXFSCB,FSCB,BTEX,BTEX,microg/m3
76,BTEXFSCB,FSCB,BTEX,BTEX,microg/m3
77,BTEXFSCB,FSCB,BTEX,BTEX,microg/m3
78,BTEXFSCB,FSCB,BTEX,BTEX,microg/m3
79,BTEXFSCB,FSCB,BTEX,BTEX,microg/m3
80,BTEXFSCB,FSCB,BTEX,BTEX,microg/m3
81,BTEXFSCB,FSCB,BTEX,BTEX,microg/m3
82,BTEXFSCB,FSCB,BTEX,BTEX,microg/m3
83,BTEXFSCB,FSCB,BTEX,BTEX,microg/m3
84,BTEXFSCB,FSCB,BTEX,BTEX,microg/m3
85,BTEXFSCB,FSCB,BTEX,BTEX,microg/m3
86,BTEXFSCB,FSCB,BTEX,BTEX,microg/m3
87,BTEXFSCB,FSCB,BTEX,BTEX,microg/m3
88,BTEXFSCB,FSCB,BTEX,BTEX,microg/m3
89,BTEXFSCB,FSCB,BTEX,BTEX,microg/m3
90,BTEXFSCB,FSCB,BTEX,BTEX,microg/m3
91,BTEXFSCB,FSCB,BTEX,BTEX,microg/m3
92,BTEXFSCB,FSCB,BTEX,BTEX,microg/m3
93,BTEXFSCB,FSCB,BTEX,BTEX,microg/m3
94,BTEXFSCB,FSCB,BTEX,BTEX,microg/m3
95,BTEXFSCB,FSCB,BTEX,BTEX,microg/m3
96,BTEXFSCB,FSCB,BTEX,BTEX,microg/m3
97,BTEXFSCB,FSCB,BTEX,BTEX,microg/m3
98,BTEXFSCB,FSCB,BTEX,BTEX,microg/m3
99,BTEXFSCB,FSCB,BTEX,BTEX,microg/m3
100,BTEXFSCB,FSCB,BTEX,BTEX,microg/m3
101,BTEXFSCB,FSCB,BTEX,BTEX,microg/m3
102,BTEXFSCB,FSCB,BTEX,BTEX,microg/m3
103,BTEXFSCB,FSCB,BTEX,BTEX,microg/m3
104,BTEXFSCB,FSCB,BTEX,BTEX,microg/m3
105,BTEXFSCB,FSCB,BTEX,BTEX,microg/m3
106,BTEXFSCB,FSCB,BTEX,BTEX,microg/m3
107,BTEXFSCB,FSCB,BTEX,BTEX,microg/m3
108,BTEXFSCB,FSCB,BTEX,BTEX,microg/m3
109,BTEXFSCB,FSCB,BTEX,BTEX,microg/m3
110,BTEXFSCB,FSCB,BTEX,BTEX,microg/m3
111,BTEXFSCB,FSCB,BTEX,BTEX,microg/m3
112,BTEXFSCB,FSCB,BTEX,BTEX,microg/m3
113,BTEXFSCB,FSCB,BTEX,BTEX,microg/m3
114,BTEXFSCB,FSCB,BTEX,BTEX,microg/m3
115,BTEXFSCB,FSCB,BTEX,BTEX,microg/m3
116,BTEXFSCB,FSCB,BTEX,BTEX,microg/m3
117,BTEXFSCB,FSCB,BTEX,BTEX,microg/m3
118,BTEXFSCB,FSCB,BTEX,BTEX,microg/m3
119,BTEXFSCB,FSCB,BTEX,BTEX,microg/m3
120,BTEXFSCB,FSCB,BTEX,BTEX,microg/m3
121,BTEXFSCB,FSCB,BTEX,BTEX,microg/m3
122,BTEXFSCB,FSCB,BTEX,BTEX,microg/m3
123,BTEXFSCB,FSCB,BTEX,BTEX,microg/m3
124,BTEXFSCB,FSCB,BTEX,BTEX,microg/m3
125,BTEXFSCB,FSCB,BTEX,BTEX,microg/m3
126,BTEXFSCB,FSCB,BTEX,BTEX,microg/m3
127,BTEXFSCB,FSCB,BTEX,BTEX,microg/m3
128,BTEXFSCB,FSCB,BTEX,BTEX,microg/m3
129,BTEXFSCB,FSCB,BTEX,BTEX,microg/m3
130,BTEXFSCB,FSCB,BTEX,BTEX,microg/m3
131,BTEXFSCB,FSCB,BTEX,BTEX,microg/m3
132,BTEXFSCB,FSCB,BTEX,BTEX,microg/m3
133,BTEXFSCB,FSCB,BTEX,BTEX,microg/m3
134,BTEXFSCB,FSCB,BTEX,BTEX,microg/m3
135,BTEXFSCB,FSCB,BTEX,BTEX,microg/m3
136,BTEXFSCB,FSCB,BTEX,BTEX,microg/m3
137,BTEXFSCB,FSCB,BTEX,BTEX,microg/m3
138,BTEXFSCB,FSCB,BTEX,BTEX,microg/m3
139,BTEXFSCB,FSCB,BTEX,BTEX,microg/m3
140,BTEXFSCB,FSCB,BTEX,BTEX,microg/m3
141,BTEXFSCB,FSCB,BTEX,BTEX,microg/m3
142,BTEXFSCB,FSCB,BTEX,BTEX,microg/m3
143,BTEXBETG,BETG,BTEX,BTEX,microg/m3
144,BTEXBETG,BETG,BTEX,BTEX,microg/m3
145,BTEXBETG,BETG,BTEX,BTEX,microg/m3
146,BTEXBETG,BETG,BTEX,BTEX,microg/m3
147,BTEXBETG,BETG,BTEX,BTEX,microg/m3
148,BTEXBETG,BETG,BTEX,BTEX,microg/m3
149,BTEXBETG,BETG,BTEX,BTEX,microg/m3
150,BTEXBETG,BETG,BTEX,BTEX,microg/m3
151,BTEXBETG,BETG,BTEX,BTEX,microg/m3
152,BTEXBETG,BETG,BTEX,BTEX,microg/m3
153,BTEXBETG,BETG,BTEX,BTEX,microg/m3
154,BTEXBETG,BETG,BTEX,BTEX,microg/m3
155,BTEXBETG,BETG,BTEX,BTEX,microg/m3
156,BTEXBETG,BETG,BTEX,BTEX,microg/m3
157,BTEXBETG,BETG,BTEX,BTEX,microg/m3
158,BTEXBETG,BETG,BTEX,BTEX,microg/m3
159,BTEXBETG,BETG,BTEX,BTEX,microg/m3
160,BTEXBETG,BETG,BTEX,BTEX,microg/m3
161,BTEXBETG,BETG,BTEX,BTEX,microg/m3
162,BTEXBETG,BETG,BTEX,BTEX,microg/m3
163,BTEXBETG,BETG,BTEX,BTEX,microg/m3
164,BTEXBETG,BETG,BTEX,BTEX,microg/m3
165,BTEXBETG,BETG,BTEX,BTEX,microg/m3
166,BTEXBETG,BETG,BTEX,BTEX,microg/m3
167,BTEXBETG,BETG,BTEX,BTEX,microg/m3
168,BTEXBETG,BETG,BTEX,BTEX,microg/m3
169,BTEXBETG,BETG,BTEX,BTEX,microg/m3
170,BTEXBETG,BETG,BTEX,BTEX,microg/m3
171,BTEXBETG,BETG,BTEX,BTEX,microg/m3
172,BTEXBETG,BETG,BTEX,BTEX,microg/m3
173,BTEXBETG,BETG,BTEX,BTEX,microg/m3
174,BTEXBETG,BETG,BTEX,BTEX,microg/m3
175,BTEXBETG,BETG,BTEX,BTEX,microg/m3
176,BTEXBETG,BETG,BTEX,BTEX,microg/m3
177,BTEXBETG,BETG,BTEX,BTEX,microg/m3
178,BTEXBETG,BETG,BTEX,BTEX,microg/m3
179,BTEXBETG,BETG,BTEX,BTEX,microg/m3
180,BTEXBETG,BETG,BTEX,BTEX,microg/m3
181,BTEXBETG,BETG,BTEX,BTEX,microg/m3
182,BTEXBETG,BETG,BTEX,BTEX,microg/m3
183,BTEXBETG,BETG,BTEX,BTEX,microg/m3
184,BTEXBETG,BETG,BTEX,BTEX,microg/m3
185,BTEXBETG,BETG,BTEX,BTEX,microg/m3
186,BTEXBETG,BETG,BTEX,BTEX,microg/m3
187,BTEXBETG,BETG,BTEX,BTEX,microg/m3
188,BTEXBETG,BETG,BTEX,BTEX,microg/m3
189,BTEXBETG,BETG,BTEX,BTEX,microg/m3
190,BTEXBETG,BETG,BTEX,BTEX,microg/m3
191,BTEXBETG,BETG,BTEX,BTEX,microg/m3
192,BTEXBETG,BETG,BTEX,BTEX,microg/m3
193,BTEXBETG,BETG,BTEX,BTEX,microg/m3
194,BTEXBETG,BETG,BTEX,BTEX,microg/m3
195,BTEXBETG,BETG,BTEX,BTEX,microg/m3
196,BTEXBETG,BETG,BTEX,BTEX,microg/m3
197,BTEXBETG,BETG,BTEX,BTEX,microg/m3
198,BTEXBETG,BETG,BTEX,BTEX,microg/m3
199,BTEXBETG,BETG,BTEX,BTEX,microg/m3
200,BTEXBETG,BETG,BTEX,BTEX,microg/m3
201,BTEXBETG,BETG,BTEX,BTEX,microg/m3
202,BTEXBETG,BETG,BTEX,BTEX,microg/m3
203,BTEXBETG,BETG,BTEX,BTEX,microg/m3
204,BTEXBETG,BETG,BTEX,BTEX,microg/m3
205,BTEXBETG,BETG,BTEX,BTEX,microg/m3
206,BTEXBETG,BETG,BTEX,BTEX,microg/m3
207,BTEXBETG,BETG,BTEX,BTEX,microg/m3
208,BTEXBETG,BETG,BTEX,BTEX,microg/m3
209,BTEXBETG,BETG,BTEX,BTEX,microg/m3
210,BTEXBETG,BETG,BTEX,BTEX,microg/m3
211,BTEXBETG,BETG,BTEX,BTEX,microg/m3
212,BTEXBETG,BETG,BTEX,BTEX,microg/m3
213,BTEXBETG,BETG,BTEX,BTEX,microg/m3
214,BTEXBETG,BETG,BTEX,BTEX,microg/m3
215,BTEXBETG,BETG,BTEX,BTEX,microg/m3
216,BTEXBETG,BETG,BTEX,BTEX,microg/m3
217,BTEXBETG,BETG,BTEX,BTEX,microg/m3
218,BTEXBETG,BETG,BTEX,BTEX,microg/m3
219,BTEXBETG,BETG,BTEX,BTEX,microg/m3
220,BTEXBETG,BETG,BTEX,BTEX,microg/m3
221,BTEXBETG,BETG,BTEX,BTEX,microg/m3
222,BTEXBETG,BETG,BTEX,BTEX,microg/m3
223,BTEXBETG,BETG,BTEX,BTEX,microg/m3
224,BTEXBETG,BETG,BTEX,BTEX,microg/m3
225,BTEXBETG,BETG,BTEX,BTEX,microg/m3
226,BTEXBETG,BETG,BTEX,BTEX,microg/m3
227,BTEXBETG,BETG,BTEX,BTEX,microg/m3
228,BTEXBETG,BETG,BTEX,BTEX,microg/m3
229,BTEXBETG,BETG,BTEX,BTEX,microg/m3
230,BTEXBETG,BETG,BTEX,BTEX,microg/m3
231,BTEXBETG,BETG,BTEX,BTEX,microg/m3
232,BTEXBETG,BETG,BTEX,BTEX,microg/m3
233,BTEXBETG,BETG,BTEX,BTEX,microg/m3
234,BTEXBETG,BETG,BTEX,BTEX,microg/m3
235,BTEXBETG,BETG,BTEX,BTEX,microg/m3
236,BTEXBETG,BETG,BTEX,BTEX,microg/m3
237,BTEXBETG,BETG,BTEX,BTEX,microg/m3
238,BTEXBETG,BETG,BTEX,BTEX,microg/m3
239,BTEXBETG,BETG,BTEX,BTEX,microg/m3
240,BTEXBETG,BETG,BTEX,BTEX,microg/m3
241,BTEXBETG,BETG,BTEX,BTEX,microg/m3
242,BTEXBETG,BETG,BTEX,BTEX,microg/m3
243,BTEXBETG,BETG,BTEX,BTEX,microg/m3
244,BTEXBETG,BETG,BTEX,BTEX,microg/m3
245,BTEXBETG,BETG,BTEX,BTEX,microg/m3
246,BTEXBETG,BETG,BTEX,BTEX,microg/m3
247,BTEXBETG,BETG,BTEX,BTEX,microg/m3
248,BTEXBETG,BETG,BTEX,BTEX,microg/m3
249,BTEXBETG,BETG,BTEX,BTEX,microg/m3
250,BTEXBETG,BETG,BTEX,BTEX,microg/m3
251,BTEXBETG,BETG,BTEX,BTEX,microg/m3
252,BTEXBETG,BETG,BTEX,BTEX,microg/m3
253,BTEXBETG,BETG,BTEX,BTEX,microg/m3
254,BTEXBETG,BETG,BTEX,BTEX,microg/m3
255,BTEXBETG,BETG,BTEX,BTEX,microg/m3
256,BTEXBETG,BETG,BTEX,BTEX,microg/m3
257,BTEXBETG,BETG,BTEX,BTEX,microg/m3
258,BTEXBETG,BETG,BTEX,BTEX,microg/m3
259,BTEXBETG,BETG,BTEX,BTEX,microg/m3
260,BTEXBETG,BETG,BTEX,BTEX,microg/m3
261,BTEXBETG,BETG,BTEX,BTEX,microg/m3
262,BTEXBETG,BETG,BTEX,BTEX,microg/m3
263,BTEXBETG,BETG,BTEX,BTEX,microg/m3
264,BTEXBETG,BETG,BTEX,BTEX,microg/m3
265,BTEXBETG,BETG,BTEX,BTEX,microg/m3
266,BTEXBETG,BETG,BTEX,BTEX,microg/m3
267,BTEXBETG,BETG,BTEX,BTEX,microg/m3
268,BTEXBETG,BETG,BTEX,BTEX,microg/m3
269,BTEXBETG,BETG,BTEX,BTEX,microg/m3
270,BTEXBETG,BETG,BTEX,BTEX,microg/m3
271,BTEXBETG,BETG,BTEX,BTEX,microg/m3
272,BTEXBETG,BETG,BTEX,BTEX,microg/m3
273,BTEXBETG,BETG,BTEX,BTEX,microg/m3
274,BTEXBETG,BETG,BTEX,BTEX,microg/m3
275,BTEXBETG,BETG,BTEX,BTEX,microg/m3
276,BTEXBETG,BETG,BTEX,BTEX,microg/m3
277,BTEXBETG,BETG,BTEX,BTEX,microg/m3
278,BTEXBETG,BETG,BTEX,BTEX,microg/m3
279,BTEXBETG,BETG,BTEX,BTEX,microg/m3
280,BTEXBETG,BETG,BTEX,BTEX,microg/m3
281,BTEXBETG,BETG,BTEX,BTEX,microg/m3
282,BTEXBETG,BETG,BTEX,BTEX,microg/m3
283,BTEXBETG,BETG,BTEX,BTEX,microg/m3
284,BTEXBETG,BETG,BTEX,BTEX,microg/m3
285,BTEXBETG,BETG,BTEX,BTEX,microg/m3
286,BTEXMLVR,MLVR,BTEX,BTEX,microg/m3
287,BTEXMLVR,MLVR,BTEX,BTEX,microg/m3
288,BTEXMLVR,MLVR,BTEX,BTEX,microg/m3
289,BTEXMLVR,MLVR,BTEX,BTEX,microg/m3
290,BTEXMLVR,MLVR,BTEX,BTEX,microg/m3
291,BTEXMLVR,MLVR,BTEX,BTEX,microg/m3
292,BTEXMLVR,MLVR,BTEX,BTEX,microg/m3
293,BTEXMLVR,MLVR,BTEX,BTEX,microg/m3
294,BTEXMLVR,MLVR,BTEX,BTEX,microg/m3
295,BTEXMLVR,MLVR,BTEX,BTEX,microg/m3
296,BTEXMLVR,MLVR,BTEX,BTEX,microg/m3
297,BTEXMLVR,MLVR,BTEX,BTEX,microg/m3
298,BTEXMLVR,MLVR,BTEX,BTEX,microg/m3
299,BTEXMLVR,MLVR,BTEX,BTEX,microg/m3
300,BTEXMLVR,MLVR,BTEX,BTEX,microg/m3
301,BTEXMLVR,MLVR,BTEX,BTEX,microg/m3
302,BTEXMLVR,MLVR,BTEX,BTEX,microg/m3
303,BTEXMLVR,MLVR,BTEX,BTEX,microg/m3
304,BTEXMLVR,MLVR,BTEX,BTEX,microg/m3
305,BTEXMLVR,MLVR,BTEX,BTEX,microg/m3
306,BTEXMLVR,MLVR,BTEX,BTEX,microg/m3
307,BTEXMLVR,MLVR,BTEX,BTEX,microg/m3
308,BTEXMLVR,MLVR,BTEX,BTEX,microg/m3
309,BTEXMLVR,MLVR,BTEX,BTEX,microg/m3
310,BTEXMLVR,MLVR,BTEX,BTEX,microg/m3
311,BTEXMLVR,MLVR,BTEX,BTEX,microg/m3
312,BTEXMLVR,MLVR,BTEX,BTEX,microg/m3
313,BTEXMLVR,MLVR,BTEX,BTEX,microg/m3
314,BTEXMLVR,MLVR,BTEX,BTEX,microg/m3
315,BTEXMLVR,MLVR,BTEX,BTEX,microg/m3
316,BTEXMLVR,MLVR,BTEX,BTEX,microg/m3
317,BTEXMLVR,MLVR,BTEX,BTEX,microg/m3
318,BTEXMLVR,MLVR,BTEX,BTEX,microg/m3
319,BTEXMLVR,MLVR,BTEX,BTEX,microg/m3
320,BTEXMLVR,MLVR,BTEX,BTEX,microg/m3
321,BTEXMLVR,MLVR,BTEX,BTEX,microg/m3
322,BTEXMLVR,MLVR,BTEX,BTEX,microg/m3
323,BTEXMLVR,MLVR,BTEX,BTEX,microg/m3
324,BTEXMLVR,MLVR,BTEX,BTEX,microg/m3
325,BTEXMLVR,MLVR,BTEX,BTEX,microg/m3
326,BTEXMLVR,MLVR,BTEX,BTEX,microg/m3
327,BTEXMLVR,MLVR,BTEX,BTEX,microg/m3
328,BTEXMLVR,MLVR,BTEX,BTEX,microg/m3
329,BTEXMLVR,MLVR,BTEX,BTEX,microg/m3
330,BTEXMLVR,MLVR,BTEX,BTEX,microg/m3
331,BTEXMLVR,MLVR,BTEX,BTEX,microg/m3
332,BTEXMLVR,MLVR,BTEX,BTEX,microg/m3
333,BTEXMLVR,MLVR,BTEX,BTEX,microg/m3
334,BTEXMLVR,MLVR,BTEX,BTEX,microg/m3
335,BTEXMLVR,MLVR,BTEX,BTEX,microg/m3
336,BTEXMLVR,MLVR,BTEX,BTEX,microg/m3
337,BTEXMLVR,MLVR,BTEX,BTEX,microg/m3
338,BTEXMLVR,MLVR,BTEX,BTEX,microg/m3
339,BTEXMLVR,MLVR,BTEX,BTEX,microg/m3
340,BTEXMLVR,MLVR,BTEX,BTEX,microg/m3
341,BTEXMLVR,MLVR,BTEX,BTEX,microg/m3
342,BTEXMLVR,MLVR,BTEX,BTEX,microg/m3
343,BTEXMLVR,MLVR,BTEX,BTEX,microg/m3
344,BTEXMLVR,MLVR,BTEX,BTEX,microg/m3
345,BTEXMLVR,MLVR,BTEX,BTEX,microg/m3
346,BTEXMLVR,MLVR,BTEX,BTEX,microg/m3
347,BTEXMLVR,MLVR,BTEX,BTEX,microg/m3
348,BTEXMLVR,MLVR,BTEX,BTEX,microg/m3
349,BTEXMLVR,MLVR,BTEX,BTEX,microg/m3
350,BTEXMLVR,MLVR,BTEX,BTEX,microg/m3
351,BTEXMLVR,MLVR,BTEX,BTEX,microg/m3
352,BTEXMLVR,MLVR,BTEX,BTEX,microg/m3
353,BTEXMLVR,MLVR,BTEX,BTEX,microg/m3
354,BTEXMLVR,MLVR,BTEX,BTEX,microg/m3
355,BTEXMLVR,MLVR,BTEX,BTEX,microg/m3
356,BTEXMLVR,MLVR,BTEX,BTEX,microg/m3
357,BTEXMLVR,MLVR,BTEX,BTEX,microg/m3
358,BTEXMLVR,MLVR,BTEX,BTEX,microg/m3
359,BTEXMLVR,MLVR,BTEX,BTEX,microg/m3
360,BTEXMLVR,MLVR,BTEX,BTEX,microg/m3
361,BTEXMLVR,MLVR,BTEX,BTEX,microg/m3
362,BTEXMLVR,MLVR,BTEX,BTEX,microg/m3
363,BTEXMLVR,MLVR,BTEX,BTEX,microg/m3
364,BTEXMLVR,MLVR,BTEX,BTEX,microg/m3
365,BTEXMLVR,MLVR,BTEX,BTEX,microg/m3
366,BTEXMLVR,MLVR,BTEX,BTEX,microg/m3
367,BTEXMLVR,MLVR,BTEX,BTEX,microg/m3
368,BTEXMLVR,MLVR,BTEX,BTEX,microg/m3
369,BTEXMLVR,MLVR,BTEX,BTEX,microg/m3
370,BTEXMLVR,MLVR,BTEX,BTEX,microg/m3
371,BTEXMLVR,MLVR,BTEX,BTEX,microg/m3
372,BTEXMLVR,MLVR,BTEX,BTEX,microg/m3
373,BTEXMLVR,MLVR,BTEX,BTEX,microg/m3
374,BTEXMLVR,MLVR,BTEX,BTEX,microg/m3
375,BTEXMLVR,MLVR,BTEX,BTEX,microg/m3
376,BTEXMLVR,MLVR,BTEX,BTEX,microg/m3
377,BTEXMLVR,MLVR,BTEX,BTEX,microg/m3
378,BTEXMLVR,MLVR,BTEX,BTEX,microg/m3
379,BTEXMLVR,MLVR,BTEX,BTEX,microg/m3
380,BTEXMLVR,MLVR,BTEX,BTEX,microg/m3
381,BTEXMLVR,MLVR,BTEX,BTEX,microg/m3
382,BTEXMLVR,MLVR,BTEX,BTEX,microg/m3
383,BTEXMLVR,MLVR,BTEX,BTEX,microg/m3
384,BTEXMLVR,MLVR,BTEX,BTEX,microg/m3
385,BTEXMLVR,MLVR,BTEX,BTEX,microg/m3
386,BTEXMLVR,MLVR,BTEX,BTEX,microg/m3
387,BTEXMLVR,MLVR,BTEX,BTEX,microg/m3
388,BTEXMLVR,MLVR,BTEX,BTEX,microg/m3
389,BTEXMLVR,MLVR,BTEX,BTEX,microg/m3
390,BTEXMLVR,MLVR,BTEX,BTEX,microg/m3
391,BTEXMLVR,MLVR,BTEX,BTEX,microg/m3
392,BTEXMLVR,MLVR,BTEX,BTEX,microg/m3
393,BTEXMLVR,MLVR,BTEX,BTEX,microg/m3
394,BTEXMLVR,MLVR,BTEX,BTEX,microg/m3
395,BTEXMLVR,MLVR,BTEX,BTEX,microg/m3
396,BTEXMLVR,MLVR,BTEX,BTEX,microg/m3
397,BTEXMLVR,MLVR,BTEX,BTEX,microg/m3
398,BTEXMLVR,MLVR,BTEX,BTEX,microg/m3
399,BTEXMLVR,MLVR,BTEX,BTEX,microg/m3
400,BTEXMLVR,MLVR,BTEX,BTEX,microg/m3
401,BTEXMLVR,MLVR,BTEX,BTEX,microg/m3
402,BTEXMLVR,MLVR,BTEX,BTEX,microg/m3
403,BTEXMLVR,MLVR,BTEX,BTEX,microg/m3
404,BTEXMLVR,MLVR,BTEX,BTEX,microg/m3
405,BTEXMLVR,MLVR,BTEX,BTEX,microg/m3
406,BTEXMLVR,MLVR,BTEX,BTEX,microg/m3
407,BTEXMLVR,MLVR,BTEX,BTEX,microg/m3
408,BTEXMLVR,MLVR,BTEX,BTEX,microg/m3
409,BTEXMLVR,MLVR,BTEX,BTEX,microg/m3
410,BTEXMLVR,MLVR,BTEX,BTEX,microg/m3
411,BTEXMLVR,MLVR,BTEX,BTEX,microg/m3
412,BTEXMLVR,MLVR,BTEX,BTEX,microg/m3
413,BTEXMLVR,MLVR,BTEX,BTEX,microg/m3
414,BTEXMLVR,MLVR,BTEX,BTEX,microg/m3
415,BTEXMLVR,MLVR,BTEX,BTEX,microg/m3
416,BTEXMLVR,MLVR,BTEX,BTEX,microg/m3
417,BTEXMLVR,MLVR,BTEX,BTEX,microg/m3
418,BTEXMLVR,MLVR,BTEX,BTEX,microg/m3
419,BTEXMLVR,MLVR,BTEX,BTEX,microg/m3
420,BTEXMLVR,MLVR,BTEX,BTEX,microg/m3
421,BTEXMLVR,MLVR,BTEX,BTEX,microg/m3
422,BTEXMLVR,MLVR,BTEX,BTEX,microg/m3
423,BTEXMLVR,MLVR,BTEX,BTEX,microg/m3
424,BTEXMLVR,MLVR,BTEX,BTEX,microg/m3
425,BTEXMLVR,MLVR,BTEX,BTEX,microg/m3
426,BTEXMLVR,MLVR,BTEX,BTEX,microg/m3
427,BTEXMLVR,MLVR,BTEX,BTEX,microg/m3
428,BTEXMLVR,MLVR,BTEX,BTEX,microg/m3
429,BTEXMOBILE_14,MOBILE_14,BTEX,BTEX,microg/m3
430,BTEXMOBILE_14,MOBILE_14,BTEX,BTEX,microg/m3
431,BTEXMOBILE_14,MOBILE_14,BTEX,BTEX,microg/m3
432,BTEXMOBILE_14,MOBILE_14,BTEX,BTEX,microg/m3
433,BTEXMOBILE_14,MOBILE_14,BTEX,BTEX,microg/m3
434,BTEXMOBILE_14,MOBILE_14,BTEX,BTEX,microg/m3
435,BTEXMOBILE_14,MOBILE_14,BTEX,BTEX,microg/m3
436,BTEXMOBILE_14,MOBILE_14,BTEX,BTEX,microg/m3
437,BTEXMOBILE_14,MOBILE_14,BTEX,BTEX,microg/m3
438,BTEXMOBILE_14,MOBILE_14,BTEX,BTEX,microg/m3
439,BTEXMOBILE_14,MOBILE_14,BTEX,BTEX,microg/m3
440,BTEXMOBILE_14,MOBILE_14,BTEX,BTEX,microg/m3
441,BTEXMOBILE_14,MOBILE_14,BTEX,BTEX,microg/m3
442,BTEXMOBILE_14,MOBILE_14,BTEX,BTEX,microg/m3
443,BTEXMOBILE_14,MOBILE_14,BTEX,BTEX,microg/m3
444,BTEXMOBILE_14,MOBILE_14,BTEX,BTEX,microg/m3
445,BTEXMOBILE_14,MOBILE_14,BTEX,BTEX,microg/m3
446,BTEXMOBILE_14,MOBILE_14,BTEX,BTEX,microg/m3
447,BTEXMOBILE_14,MOBILE_14,BTEX,BTEX,microg/m3
448,BTEXMOBILE_14,MOBILE_14,BTEX,BTEX,microg/m3
449,BTEXMOBILE_14,MOBILE_14,BTEX,BTEX,microg/m3
450,BTEXMOBILE_14,MOBILE_14,BTEX,BTEX,microg/m3
451,BTEXMOBILE_14,MOBILE_14,BTEX,BTEX,microg/m3
452,BTEXMOBILE_14,MOBILE_14,BTEX,BTEX,microg/m3
453,BTEXMOBILE_14,MOBILE_14,BTEX,BTEX,microg/m3
454,BTEXMOBILE_14,MOBILE_14,BTEX,BTEX,microg/m3
455,BTEXMOBILE_14,MOBILE_14,BTEX,BTEX,microg/m3
456,BTEXMOBILE_14,MOBILE_14,BTEX,BTEX,microg/m3
457,BTEXMOBILE_14,MOBILE_14,BTEX,BTEX,microg/m3
458,BTEXMOBILE_14,MOBILE_14,BTEX,BTEX,microg/m3
459,BTEXMOBILE_14,MOBILE_14,BTEX,BTEX,microg/m3
460,BTEXMOBILE_14,MOBILE_14,BTEX,BTEX,microg/m3
461,BTEXMOBILE_14,MOBILE_14,BTEX,BTEX,microg/m3
462,BTEXMOBILE_14,MOBILE_14,BTEX,BTEX,microg/m3
463,BTEXMOBILE_14,MOBILE_14,BTEX,BTEX,microg/m3
464,BTEXMOBILE_14,MOBILE_14,BTEX,BTEX,microg/m3
465,BTEXMOBILE_14,MOBILE_14,BTEX,BTEX,microg/m3
466,BTEXMOBILE_14,MOBILE_14,BTEX,BTEX,microg/m3
467,BTEXMOBILE_14,MOBILE_14,BTEX,BTEX,microg/m3
468,BTEXMOBILE_14,MOBILE_14,BTEX,BTEX,microg/m3
469,BTEXMOBILE_14,MOBILE_14,BTEX,BTEX,microg/m3
470,BTEXMOBILE_14,MOBILE_14,BTEX,BTEX,microg/m3
471,BTEXMOBILE_14,MOBILE_14,BTEX,BTEX,microg/m3
472,BTEXMOBILE_14,MOBILE_14,BTEX,BTEX,microg/m3
473,BTEXMOBILE_14,MOBILE_14,BTEX,BTEX,microg/m3
474,BTEXMOBILE_14,MOBILE_14,BTEX,BTEX,microg/m3
475,BTEXMOBILE_14,MOBILE_14,BTEX,BTEX,microg/m3
476,BTEXMOBILE_14,MOBILE_14,BTEX,BTEX,microg/m3
477,BTEXMOBILE_14,MOBILE_14,BTEX,BTEX,microg/m3
478,BTEXMOBILE_14,MOBILE_14,BTEX,BTEX,microg/m3
479,BTEXMOBILE_14,MOBILE_14,BTEX,BTEX,microg/m3
480,BTEXMOBILE_14,MOBILE_14,BTEX,BTEX,microg/m3
481,BTEXMOBILE_14,MOBILE_14,BTEX,BTEX,microg/m3
482,BTEXMOBILE_14,MOBILE_14,BTEX,BTEX,microg/m3
483,BTEXMOBILE_14,MOBILE_14,BTEX,BTEX,microg/m3
484,BTEXMOBILE_14,MOBILE_14,BTEX,BTEX,microg/m3
485,BTEXMOBILE_14,MOBILE_14,BTEX,BTEX,microg/m3
486,BTEXMOBILE_14,MOBILE_14,BTEX,BTEX,microg/m3
487,BTEXMOBILE_14,MOBILE_14,BTEX,BTEX,microg/m3
488,BTEXMOBILE_14,MOBILE_14,BTEX,BTEX,microg/m3
489,BTEXMOBILE_14,MOBILE_14,BTEX,BTEX,microg/m3
490,BTEXMOBILE_14,MOBILE_14,BTEX,BTEX,microg/m3
491,BTEXMOBILE_14,MOBILE_14,BTEX,BTEX,microg/m3
492,BTEXMOBILE_14,MOBILE_14,BTEX,BTEX,microg/m3
493,BTEXMOBILE_14,MOBILE_14,BTEX,BTEX,microg/m3
494,BTEXMOBILE_14,MOBILE_14,BTEX,BTEX,microg/m3
495,BTEXMOBILE_14,MOBILE_14,BTEX,BTEX,microg/m3
496,BTEXMOBILE_14,MOBILE_14,BTEX,BTEX,microg/m3
497,BTEXMOBILE_14,MOBILE_14,BTEX,BTEX,microg/m3
498,BTEXMOBILE_14,MOBILE_14,BTEX,BTEX,microg/m3
499,BTEXMOBILE_14,MOBILE_14,BTEX,BTEX,microg/m3
500,BTEXMOBILE_14,MOBILE_14,BTEX,BTEX,microg/m3
501,BTEXMOBILE_14,MOBILE_14,BTEX,BTEX,microg/m3
502,BTEXMOBILE_14,MOBILE_14,BTEX,BTEX,microg/m3
503,BTEXMOBILE_14,MOBILE_14,BTEX,BTEX,microg/m3
504,BTEXMOBILE_14,MOBILE_14,BTEX,BTEX,microg/m3
505,BTEXMOBILE_14,MOBILE_14,BTEX,BTEX,microg/m3
506,BTEXMOBILE_14,MOBILE_14,BTEX,BTEX,microg/m3
507,BTEXMOBILE_14,MOBILE_14,BTEX,BTEX,microg/m3
508,BTEXMOBILE_14,MOBILE_14,BTEX,BTEX,microg/m3
509,BTEXMOBILE_14,MOBILE_14,BTEX,BTEX,microg/m3
510,BTEXMOBILE_14,MOBILE_14,BTEX,BTEX,microg/m3
511,BTEXMOBILE_14,MOBILE_14,BTEX,BTEX,microg/m3
512,BTEXMOBILE_14,MOBILE_14,BTEX,BTEX,microg/m3
513,BTEXMOBILE_14,MOBILE_14,BTEX,BTEX,microg/m3
514,BTEXMOBILE_14,MOBILE_14,BTEX,BTEX,microg/m3
515,BTEXMOBILE_14,MOBILE_14,BTEX,BTEX,microg/m3
516,BTEXMOBILE_14,MOBILE_14,BTEX,BTEX,microg/m3
517,BTEXMOBILE_14,MOBILE_14,BTEX,BTEX,microg/m3
518,BTEXMOBILE_14,MOBILE_14,BTEX,BTEX,microg/m3
519,BTEXMOBILE_14,MOBILE_14,BTEX,BTEX,microg/m3
520,BTEXMOBILE_14,MOBILE_14,BTEX,BTEX,microg/m3
521,BTEXMOBILE_14,MOBILE_14,BTEX,BTEX,microg/m3
522,BTEXMOBILE_14,MOBILE_14,BTEX,BTEX,microg/m3
523,BTEXMOBILE_14,MOBILE_14,BTEX,BTEX,microg/m3
524,BTEXMOBILE_14,MOBILE_14,BTEX,BTEX,microg/m3
525,BTEXMOBILE_14,MOBILE_14,BTEX,BTEX,microg/m3
526,BTEXMOBILE_14,MOBILE_14,BTEX,BTEX,microg/m3
527,BTEXMOBILE_14,MOBILE_14,BTEX,BTEX,microg/m3
528,BTEXMOBILE_14,MOBILE_14,BTEX,BTEX,microg/m3
529,BTEXMOBILE_14,MOBILE_14,BTEX,BTEX,microg/m3
530,BTEXMOBILE_14,MOBILE_14,BTEX,BTEX,microg/m3
531,BTEXMOBILE_14,MOBILE_14,BTEX,BTEX,microg/m3
532,BTEXMOBILE_14,MOBILE_14,BTEX,BTEX,microg/m3
533,BTEXMOBILE_14,MOBILE_14,BTEX,BTEX,microg/m3
534,BTEXMOBILE_14,MOBILE_14,BTEX,BTEX,microg/m3
535,BTEXMOBILE_14,MOBILE_14,BTEX,BTEX,microg/m3
536,BTEXMOBILE_14,MOBILE_14,BTEX,BTEX,microg/m3
537,BTEXMOBILE_14,MOBILE_14,BTEX,BTEX,microg/m3
538,BTEXMOBILE_14,MOBILE_14,BTEX,BTEX,microg/m3
539,BTEXMOBILE_14,MOBILE_14,BTEX,BTEX,microg/m3
540,BTEXMOBILE_14,MOBILE_14,BTEX,BTEX,microg/m3
541,BTEXMOBILE_14,MOBILE_14,BTEX,BTEX,microg/m3
542,BTEXMOBILE_14,MOBILE_14,BTEX,BTEX,microg/m3
543,BTEXMOBILE_14,MOBILE_14,BTEX,BTEX,microg/m3
544,BTEXMOBILE_14,MOBILE_14,BTEX,BTEX,microg/m3
545,BTEXMOBILE_14,MOBILE_14,BTEX,BTEX,microg/m3
546,BTEXMOBILE_14,MOBILE_14,BTEX,BTEX,microg/m3
547,BTEXMOBILE_14,MOBILE_14,BTEX,BTEX,microg/m3
548,BTEXMOBILE_14,MOBILE_14,BTEX,BTEX,microg/m3
549,BTEXMOBILE_14,MOBILE_14,BTEX,BTEX,microg/m3
550,BTEXMOBILE_14,MOBILE_14,BTEX,BTEX,microg/m3
551,BTEXMOBILE_14,MOBILE_14,BTEX,BTEX,microg/m3
552,BTEXMOBILE_14,MOBILE_14,BTEX,BTEX,microg/m3
553,BTEXMOBILE_14,MOBILE_14,BTEX,BTEX,microg/m3
554,BTEXMOBILE_14,MOBILE_14,BTEX,BTEX,microg/m3
555,BTEXMOBILE_14,MOBILE_14,BTEX,BTEX,microg/m3
556,BTEXMOBILE_14,MOBILE_14,BTEX,BTEX,microg/m3
557,BTEXMOBILE_14,MOBILE_14,BTEX,BTEX,microg/m3
558,BTEXMOBILE_14,MOBILE_14,BTEX,BTEX,microg/m3
559,BTEXMOBILE_14,MOBILE_14,BTEX,BTEX,microg/m3
560,BTEXMOBILE_14,MOBILE_14,BTEX,BTEX,microg/m3
561,BTEXMOBILE_14,MOBILE_14,BTEX,BTEX,microg/m3
562,BTEXMOBILE_14,MOBILE_14,BTEX,BTEX,microg/m3
563,BTEXMOBILE_14,MOBILE_14,BTEX,BTEX,microg/m3
564,BTEXMOBILE_14,MOBILE_14,BTEX,BTEX,microg/m3
565,BTEXMOBILE_14,MOBILE_14,BTEX,BTEX,microg/m3
566,BTEXMOBILE_14,MOBILE_14,BTEX,BTEX,microg/m3
567,BTEXMOBILE_14,MOBILE_14,BTEX,BTEX,microg/m3
568,BTEXMOBILE_14,MOBILE_14,BTEX,BTEX,microg/m3
569,BTEXMOBILE_14,MOBILE_14,BTEX,BTEX,microg/m3
570,BTEXMOBILE_14,MOBILE_14,BTEX,BTEX,microg/m3
571,BTEXMOBILE_14,MOBILE_14,BTEX,BTEX,microg/m3
572,BTEXPDBL,PDBL,BTEX,BTEX,microg/m3
573,BTEXPDBL,PDBL,BTEX,BTEX,microg/m3
574,BTEXPDBL,PDBL,BTEX,BTEX,microg/m3
575,BTEXPDBL,PDBL,BTEX,BTEX,microg/m3
576,BTEXPDBL,PDBL,BTEX,BTEX,microg/m3
577,BTEXPDBL,PDBL,BTEX,BTEX,microg/m3
578,BTEXPDBL,PDBL,BTEX,BTEX,microg/m3
579,BTEXPDBL,PDBL,BTEX,BTEX,microg/m3
580,BTEXPDBL,PDBL,BTEX,BTEX,microg/m3
581,BTEXPDBL,PDBL,BTEX,BTEX,microg/m3
582,BTEXPDBL,PDBL,BTEX,BTEX,microg/m3
583,BTEXPDBL,PDBL,BTEX,BTEX,microg/m3
584,BTEXPDBL,PDBL,BTEX,BTEX,microg/m3
585,BTEXPDBL,PDBL,BTEX,BTEX,microg/m3
586,BTEXPDBL,PDBL,BTEX,BTEX,microg/m3
587,BTEXPDBL,PDBL,BTEX,BTEX,microg/m3
588,BTEXPDBL,PDBL,BTEX,BTEX,microg/m3
589,BTEXPDBL,PDBL,BTEX,BTEX,microg/m3
590,BTEXPDBL,PDBL,BTEX,BTEX,microg/m3
591,BTEXPDBL,PDBL,BTEX,BTEX,microg/m3
592,BTEXPDBL,PDBL,BTEX,BTEX,microg/m3
593,BTEXPDBL,PDBL,BTEX,BTEX,microg/m3
594,BTEXPDBL,PDBL,BTEX,BTEX,microg/m3
595,BTEXPDBL,PDBL,BTEX,BTEX,microg/m3
596,BTEXPDBL,PDBL,BTEX,BTEX,microg/m3
597,BTEXPDBL,PDBL,BTEX,BTEX,microg/m3
598,BTEXPDBL,PDBL,BTEX,BTEX,microg/m3
599,BTEXPDBL,PDBL,BTEX,BTEX,microg/m3
600,BTEXPDBL,PDBL,BTEX,BTEX,microg/m3
601,BTEXPDBL,PDBL,BTEX,BTEX,microg/m3
602,BTEXPDBL,PDBL,BTEX,BTEX,microg/m3
603,BTEXPDBL,PDBL,BTEX,BTEX,microg/m3
604,BTEXPDBL,PDBL,BTEX,BTEX,microg/m3
605,BTEXPDBL,PDBL,BTEX,BTEX,microg/m3
606,BTEXPDBL,PDBL,BTEX,BTEX,microg/m3
607,BTEXPDBL,PDBL,BTEX,BTEX,microg/m3
608,BTEXPDBL,PDBL,BTEX,BTEX,microg/m3
609,BTEXPDBL,PDBL,BTEX,BTEX,microg/m3
610,BTEXPDBL,PDBL,BTEX,BTEX,microg/m3
611,BTEXPDBL,PDBL,BTEX,BTEX,microg/m3
612,BTEXPDBL,PDBL,BTEX,BTEX,microg/m3
613,BTEXPDBL,PDBL,BTEX,BTEX,microg/m3
614,BTEXPDBL,PDBL,BTEX,BTEX,microg/m3
615,BTEXPDBL,PDBL,BTEX,BTEX,microg/m3
616,BTEXPDBL,PDBL,BTEX,BTEX,microg/m3
617,BTEXPDBL,PDBL,BTEX,BTEX,microg/m3
618,BTEXPDBL,PDBL,BTEX,BTEX,microg/m3
619,BTEXPDBL,PDBL,BTEX,BTEX,microg/m3
620,BTEXPDBL,PDBL,BTEX,BTEX,microg/m3
621,BTEXPDBL,PDBL,BTEX,BTEX,microg/m3
622,BTEXPDBL,PDBL,BTEX,BTEX,microg/m3
623,BTEXPDBL,PDBL,BTEX,BTEX,microg/m3
624,BTEXPDBL,PDBL,BTEX,BTEX,microg/m3
625,BTEXPDBL,PDBL,BTEX,BTEX,microg/m3
626,BTEXPDBL,PDBL,BTEX,BTEX,microg/m3
627,BTEXPDBL,PDBL,BTEX,BTEX,microg/m3
628,BTEXPDBL,PDBL,BTEX,BTEX,microg/m3
629,BTEXPDBL,PDBL,BTEX,BTEX,microg/m3
630,BTEXPDBL,PDBL,BTEX,BTEX,microg/m3
631,BTEXPDBL,PDBL,BTEX,BTEX,microg/m3
632,BTEXPDBL,PDBL,BTEX,BTEX,microg/m3
633,BTEXPDBL,PDBL,BTEX,BTEX,microg/m3
634,BTEXPDBL,PDBL,BTEX,BTEX,microg/m3
635,BTEXPDBL,PDBL,BTEX,BTEX,microg/m3
636,BTEXPDBL,PDBL,BTEX,BTEX,microg/m3
637,BTEXPDBL,PDBL,BTEX,BTEX,microg/m3
638,BTEXPDBL,PDBL,BTEX,BTEX,microg/m3
639,BTEXPDBL,PDBL,BTEX,BTEX,microg/m3
640,BTEXPDBL,PDBL,BTEX,BTEX,microg/m3
641,BTEXPDBL,PDBL,BTEX,BTEX,microg/m3
642,BTEXPDBL,PDBL,BTEX,BTEX,microg/m3
643,BTEXPDBL,PDBL,BTEX,BTEX,microg/m3
644,BTEXPDBL,PDBL,BTEX,BTEX,microg/m3
645,BTEXPDBL,PDBL,BTEX,BTEX,microg/m3
646,BTEXPDBL,PDBL,BTEX,BTEX,microg/m3
647,BTEXPDBL,PDBL,BTEX,BTEX,microg/m3
648,BTEXPDBL,PDBL,BTEX,BTEX,microg/m3
649,BTEXPDBL,PDBL,BTEX,BTEX,microg/m3
650,BTEXPDBL,PDBL,BTEX,BTEX,microg/m3
651,BTEXPDBL,PDBL,BTEX,BTEX,microg/m3
652,BTEXPDBL,PDBL,BTEX,BTEX,microg/m3
653,BTEXPDBL,PDBL,BTEX,BTEX,microg/m3
654,BTEXPDBL,PDBL,BTEX,BTEX,microg/m3
655,BTEXPDBL,PDBL,BTEX,BTEX,microg/m3
656,BTEXPDBL,PDBL,BTEX,BTEX,microg/m3
657,BTEXPDBL,PDBL,BTEX,BTEX,microg/m3
658,BTEXPDBL,PDBL,BTEX,BTEX,microg/m3
659,BTEXPDBL,PDBL,BTEX,BTEX,microg/m3
660,BTEXPDBL,PDBL,BTEX,BTEX,microg/m3
661,BTEXPDBL,PDBL,BTEX,BTEX,microg/m3
662,BTEXPDBL,PDBL,BTEX,BTEX,microg/m3
663,BTEXPDBL,PDBL,BTEX,BTEX,microg/m3
664,BTEXPDBL,PDBL,BTEX,BTEX,microg/m3
665,BTEXPDBL,PDBL,BTEX,BTEX,microg/m3
666,BTEXPDBL,PDBL,BTEX,BTEX,microg/m3
667,BTEXPDBL,PDBL,BTEX,BTEX,microg/m3
668,BTEXPDBL,PDBL,BTEX,BTEX,microg/m3
669,BTEXPDBL,PDBL,BTEX,BTEX,microg/m3
670,BTEXPDBL,PDBL,BTEX,BTEX,microg/m3
671,BTEXPDBL,PDBL,BTEX,BTEX,microg/m3
672,BTEXPDBL,PDBL,BTEX,BTEX,microg/m3
673,BTEXPDBL,PDBL,BTEX,BTEX,microg/m3
674,BTEXPDBL,PDBL,BTEX,BTEX,microg/m3
675,BTEXPDBL,PDBL,BTEX,BTEX,microg/m3
676,BTEXPDBL,PDBL,BTEX,BTEX,microg/m3
677,BTEXPDBL,PDBL,BTEX,BTEX,microg/m3
678,BTEXPDBL,PDBL,BTEX,BTEX,microg/m3
679,BTEXPDBL,PDBL,BTEX,BTEX,microg/m3
680,BTEXPDBL,PDBL,BTEX,BTEX,microg/m3
681,BTEXPDBL,PDBL,BTEX,BTEX,microg/m3
682,BTEXPDBL,PDBL,BTEX,BTEX,microg/m3
683,BTEXPDBL,PDBL,BTEX,BTEX,microg/m3
684,BTEXPDBL,PDBL,BTEX,BTEX,microg/m3
685,BTEXPDBL,PDBL,BTEX,BTEX,microg/m3
686,BTEXPDBL,PDBL,BTEX,BTEX,microg/m3
687,BTEXPDBL,PDBL,BTEX,BTEX,microg/m3
688,BTEXPDBL,PDBL,BTEX,BTEX,microg/m3
689,BTEXPDBL,PDBL,BTEX,BTEX,microg/m3
690,BTEXPDBL,PDBL,BTEX,BTEX,microg/m3
691,BTEXPDBL,PDBL,BTEX,BTEX,microg/m3
692,BTEXPDBL,PDBL,BTEX,BTEX,microg/m3
693,BTEXPDBL,PDBL,BTEX,BTEX,microg/m3
694,BTEXPDBL,PDBL,BTEX,BTEX,microg/m3
695,BTEXPDBL,PDBL,BTEX,BTEX,microg/m3
696,BTEXPDBL,PDBL,BTEX,BTEX,microg/m3
697,BTEXPDBL,PDBL,BTEX,BTEX,microg/m3
698,BTEXPDBL,PDBL,BTEX,BTEX,microg/m3
699,BTEXPDBL,PDBL,BTEX,BTEX,microg/m3
700,BTEXPDBL,PDBL,BTEX,BTEX,microg/m3
701,BTEXPDBL,PDBL,BTEX,BTEX,microg/m3
702,BTEXPDBL,PDBL,BTEX,BTEX,microg/m3
703,BTEXPDBL,PDBL,BTEX,BTEX,microg/m3
704,BTEXPDBL,PDBL,BTEX,BTEX,microg/m3
705,BTEXPDBL,PDBL,BTEX,BTEX,microg/m3
706,BTEXPDBL,PDBL,BTEX,BTEX,microg/m3
707,BTEXPDBL,PDBL,BTEX,BTEX,microg/m3
708,BTEXPDBL,PDBL,BTEX,BTEX,microg/m3
709,BTEXPDBL,PDBL,BTEX,BTEX,microg/m3
710,BTEXPDBL,PDBL,BTEX,BTEX,microg/m3
711,BTEXPDBL,PDBL,BTEX,BTEX,microg/m3
712,BTEXPDBL,PDBL,BTEX,BTEX,microg/m3
713,BTEXPDBL,PDBL,BTEX,BTEX,microg/m3
714,BTEXPDBL,PDBL,BTEX,BTEX,microg/m3
715,BTEXPENHUV,PENHUV,BTEX,BTEX,microg/m3
716,BTEXPENHUV,PENHUV,BTEX,BTEX,microg/m3
717,BTEXPENHUV,PENHUV,BTEX,BTEX,microg/m3
718,BTEXPENHUV,PENHUV,BTEX,BTEX,microg/m3
719,BTEXPENHUV,PENHUV,BTEX,BTEX,microg/m3
720,BTEXPENHUV,PENHUV,BTEX,BTEX,microg/m3
721,BTEXPENHUV,PENHUV,BTEX,BTEX,microg/m3
722,BTEXPENHUV,PENHUV,BTEX,BTEX,microg/m3
723,BTEXPENHUV,PENHUV,BTEX,BTEX,microg/m3
724,BTEXPENHUV,PENHUV,BTEX,BTEX,microg/m3
725,BTEXPENHUV,PENHUV,BTEX,BTEX,microg/m3
726,BTEXPENHUV,PENHUV,BTEX,BTEX,microg/m3
727,BTEXPENHUV,PENHUV,BTEX,BTEX,microg/m3
728,BTEXPENHUV,PENHUV,BTEX,BTEX,microg/m3
729,BTEXPENHUV,PENHUV,BTEX,BTEX,microg/m3
730,BTEXPENHUV,PENHUV,BTEX,BTEX,microg/m3
731,BTEXPENHUV,PENHUV,BTEX,BTEX,microg/m3
732,BTEXPENHUV,PENHUV,BTEX,BTEX,microg/m3
733,BTEXPENHUV,PENHUV,BTEX,BTEX,microg/m3
734,BTEXPENHUV,PENHUV,BTEX,BTEX,microg/m3
735,BTEXPENHUV,PENHUV,BTEX,BTEX,microg/m3
736,BTEXPENHUV,PENHUV,BTEX,BTEX,microg/m3
737,BTEXPENHUV,PENHUV,BTEX,BTEX,microg/m3
738,BTEXPENHUV,PENHUV,BTEX,BTEX,microg/m3
739,BTEXPENHUV,PENHUV,BTEX,BTEX,microg/m3
740,BTEXPENHUV,PENHUV,BTEX,BTEX,microg/m3
741,BTEXPENHUV,PENHUV,BTEX,BTEX,microg/m3
742,BTEXPENHUV,PENHUV,BTEX,BTEX,microg/m3
743,BTEXPENHUV,PENHUV,BTEX,BTEX,microg/m3
744,BTEXPENHUV,PENHUV,BTEX,BTEX,microg/m3
745,BTEXPENHUV,PENHUV,BTEX,BTEX,microg/m3
746,BTEXPENHUV,PENHUV,BTEX,BTEX,microg/m3
747,BTEXPENHUV,PENHUV,BTEX,BTEX,microg/m3
748,BTEXPENHUV,PENHUV,BTEX,BTEX,microg/m3
749,BTEXPENHUV,PENHUV,BTEX,BTEX,microg/m3
750,BTEXPENHUV,PENHUV,BTEX,BTEX,microg/m3
751,BTEXPENHUV,PENHUV,BTEX,BTEX,microg/m3
752,BTEXPENHUV,PENHUV,BTEX,BTEX,microg/m3
753,BTEXPENHUV,PENHUV,BTEX,BTEX,microg/m3
754,BTEXPENHUV,PENHUV,BTEX,BTEX,microg/m3
755,BTEXPENHUV,PENHUV,BTEX,BTEX,microg/m3
756,BTEXPENHUV,PENHUV,BTEX,BTEX,microg/m3
757,BTEXPENHUV,PENHUV,BTEX,BTEX,microg/m3
758,BTEXPENHUV,PENHUV,BTEX,BTEX,microg/m3
759,BTEXPENHUV,PENHUV,BTEX,BTEX,microg/m3
760,BTEXPENHUV,PENHUV,BTEX,BTEX,microg/m3
761,BTEXPENHUV,PENHUV,BTEX,BTEX,microg/m3
762,BTEXPENHUV,PENHUV,BTEX,BTEX,microg/m3
763,BTEXPENHUV,PENHUV,BTEX,BTEX,microg/m3
764,BTEXPENHUV,PENHUV,BTEX,BTEX,microg/m3
765,BTEXPENHUV,PENHUV,BTEX,BTEX,microg/m3
766,BTEXPENHUV,PENHUV,BTEX,BTEX,microg/m3
767,BTEXPENHUV,PENHUV,BTEX,BTEX,microg/m3
768,BTEXPENHUV,PENHUV,BTEX,BTEX,microg/m3
769,BTEXPENHUV,PENHUV,BTEX,BTEX,microg/m3
770,BTEXPENHUV,PENHUV,BTEX,BTEX,microg/m3
771,BTEXPENHUV,PENHUV,BTEX,BTEX,microg/m3
772,BTEXPENHUV,PENHUV,BTEX,BTEX,microg/m3
773,BTEXPENHUV,PENHUV,BTEX,BTEX,microg/m3
774,BTEXPENHUV,PENHUV,BTEX,BTEX,microg/m3
775,BTEXPENHUV,PENHUV,BTEX,BTEX,microg/m3
776,BTEXPENHUV,PENHUV,BTEX,BTEX,microg/m3
777,BTEXPENHUV,PENHUV,BTEX,BTEX,microg/m3
778,BTEXPENHUV,PENHUV,BTEX,BTEX,microg/m3
779,BTEXPENHUV,PENHUV,BTEX,BTEX,microg/m3
780,BTEXPENHUV,PENHUV,BTEX,BTEX,microg/m3
781,BTEXPENHUV,PENHUV,BTEX,BTEX,microg/m3
782,BTEXPENHUV,PENHUV,BTEX,BTEX,microg/m3
783,BTEXPENHUV,PENHUV,BTEX,BTEX,microg/m3
784,BTEXPENHUV,PENHUV,BTEX,BTEX,microg/m3
785,BTEXPENHUV,PENHUV,BTEX,BTEX,microg/m3
786,BTEXPENHUV,PENHUV,BTEX,BTEX,microg/m3
787,BTEXPENHUV,PENHUV,BTEX,BTEX,microg/m3
788,BTEXPENHUV,PENHUV,BTEX,BTEX,microg/m3
789,BTEXPENHUV,PENHUV,BTEX,BTEX,microg/m3
790,BTEXPENHUV,PENHUV,BTEX,BTEX,microg/m3
791,BTEXPENHUV,PENHUV,BTEX,BTEX,microg/m3
792,BTEXPENHUV,PENHUV,BTEX,BTEX,microg/m3
793,BTEXPENHUV,PENHUV,BTEX,BTEX,microg/m3
794,BTEXPENHUV,PENHUV,BTEX,BTEX,microg/m3
795,BTEXPENHUV,PENHUV,BTEX,BTEX,microg/m3
796,BTEXPENHUV,PENHUV,BTEX,BTEX,microg/m3
797,BTEXPENHUV,PENHUV,BTEX,BTEX,microg/m3
798,BTEXPENHUV,PENHUV,BTEX,BTEX,microg/m3
799,BTEXPENHUV,PENHUV,BTEX,BTEX,microg/m3
800,BTEXPENHUV,PENHUV,BTEX,BTEX,microg/m3
801,BTEXPENHUV,PENHUV,BTEX,BTEX,microg/m3
802,BTEXPENHUV,PENHUV,BTEX,BTEX,microg/m3
803,BTEXPENHUV,PENHUV,BTEX,BTEX,microg/m3
804,BTEXPENHUV,PENHUV,BTEX,BTEX,microg/m3
805,BTEXPENHUV,PENHUV,BTEX,BTEX,microg/m3
806,BTEXPENHUV,PENHUV,BTEX,BTEX,microg/m3
807,BTEXPENHUV,PENHUV,BTEX,BTEX,microg/m3
808,BTEXPENHUV,PENHUV,BTEX,BTEX,microg/m3
809,BTEXPENHUV,PENHUV,BTEX,BTEX,microg/m3
810,BTEXPENHUV,PENHUV,BTEX,BTEX,microg/m3
811,BTEXPENHUV,PENHUV,BTEX,BTEX,microg/m3
812,BTEXPENHUV,PENHUV,BTEX,BTEX,microg/m3
813,BTEXPENHUV,PENHUV,BTEX,BTEX,microg/m3
814,BTEXPENHUV,PENHUV,BTEX,BTEX,microg/m3
815,BTEXPENHUV,PENHUV,BTEX,BTEX,microg/m3
816,BTEXPENHUV,PENHUV,BTEX,BTEX,microg/m3
817,BTEXPENHUV,PENHUV,BTEX,BTEX,microg/m3
818,BTEXPENHUV,PENHUV,BTEX,BTEX,microg/m3
819,BTEXPENHUV,PENHUV,BTEX,BTEX,microg/m3
820,BTEXPENHUV,PENHUV,BTEX,BTEX,microg/m3
821,BTEXPENHUV,PENHUV,BTEX,BTEX,microg/m3
822,BTEXPENHUV,PENHUV,BTEX,BTEX,microg/m3
823,BTEXPENHUV,PENHUV,BTEX,BTEX,microg/m3
824,BTEXPENHUV,PENHUV,BTEX,BTEX,microg/m3
825,BTEXPENHUV,PENHUV,BTEX,BTEX,microg/m3
826,BTEXPENHUV,PENHUV,BTEX,BTEX,microg/m3
827,BTEXPENHUV,PENHUV,BTEX,BTEX,microg/m3
828,BTEXPENHUV,PENHUV,BTEX,BTEX,microg/m3
829,BTEXPENHUV,PENHUV,BTEX,BTEX,microg/m3
830,BTEXPENHUV,PENHUV,BTEX,BTEX,microg/m3
831,BTEXPENHUV,PENHUV,BTEX,BTEX,microg/m3
832,BTEXPENHUV,PENHUV,BTEX,BTEX,microg/m3
833,BTEXPENHUV,PENHUV,BTEX,BTEX,microg/m3
834,BTEXPENHUV,PENHUV,BTEX,BTEX,microg/m3
835,BTEXPENHUV,PENHUV,BTEX,BTEX,microg/m3
836,BTEXPENHUV,PENHUV,BTEX,BTEX,microg/m3
837,BTEXPENHUV,PENHUV,BTEX,BTEX,microg/m3
838,BTEXPENHUV,PENHUV,BTEX,BTEX,microg/m3
839,BTEXPENHUV,PENHUV,BTEX,BTEX,microg/m3
840,BTEXPENHUV,PENHUV,BTEX,BTEX,microg/m3
841,BTEXPENHUV,PENHUV,BTEX,BTEX,microg/m3
842,BTEXPENHUV,PENHUV,BTEX,BTEX,microg/m3
843,BTEXPENHUV,PENHUV,BTEX,BTEX,microg/m3
844,BTEXPENHUV,PENHUV,BTEX,BTEX,microg/m3
845,BTEXPENHUV,PENHUV,BTEX,BTEX,microg/m3
846,BTEXPENHUV,PENHUV,BTEX,BTEX,microg/m3
847,BTEXPENHUV,PENHUV,BTEX,BTEX,microg/m3
848,BTEXPENHUV,PENHUV,BTEX,BTEX,microg/m3
849,BTEXPENHUV,PENHUV,BTEX,BTEX,microg/m3
850,BTEXPENHUV,PENHUV,BTEX,BTEX,microg/m3
851,BTEXPENHUV,PENHUV,BTEX,BTEX,microg/m3
852,BTEXPENHUV,PENHUV,BTEX,BTEX,microg/m3
853,BTEXPENHUV,PENHUV,BTEX,BTEX,microg/m3
854,BTEXPENHUV,PENHUV,BTEX,BTEX,microg/m3
855,BTEXPENHUV,PENHUV,BTEX,BTEX,microg/m3
856,BTEXPENHUV,PENHUV,BTEX,BTEX,microg/m3
857,BTEXPENHUV,PENHUV,BTEX,BTEX,microg/m3
858,BTEXRBRT,RBRT,BTEX,BTEX,microg/m3
859,BTEXRBRT,RBRT,BTEX,BTEX,microg/m3
860,BTEXRBRT,RBRT,BTEX,BTEX,microg/m3
861,BTEXRBRT,RBRT,BTEX,BTEX,microg/m3
862,BTEXRBRT,RBRT,BTEX,BTEX,microg/m3
863,BTEXRBRT,RBRT,BTEX,BTEX,microg/m3
864,BTEXRBRT,RBRT,BTEX,BTEX,microg/m3
865,BTEXRBRT,RBRT,BTEX,BTEX,microg/m3
866,BTEXRBRT,RBRT,BTEX,BTEX,microg/m3
867,BTEXRBRT,RBRT,BTEX,BTEX,microg/m3
868,BTEXRBRT,RBRT,BTEX,BTEX,microg/m3
869,BTEXRBRT,RBRT,BTEX,BTEX,microg/m3
870,BTEXRBRT,RBRT,BTEX,BTEX,microg/m3
871,BTEXRBRT,RBRT,BTEX,BTEX,microg/m3
872,BTEXRBRT,RBRT,BTEX,BTEX,microg/m3
873,BTEXRBRT,RBRT,BTEX,BTEX,microg/m3
874,BTEXRBRT,RBRT,BTEX,BTEX,microg/m3
875,BTEXRBRT,RBRT,BTEX,BTEX,microg/m3
876,BTEXRBRT,RBRT,BTEX,BTEX,microg/m3
877,BTEXRBRT,RBRT,BTEX,BTEX,microg/m3
878,BTEXRBRT,RBRT,BTEX,BTEX,microg/m3
879,BTEXRBRT,RBRT,BTEX,BTEX,microg/m3
880,BTEXRBRT,RBRT,BTEX,BTEX,microg/m3
881,BTEXRBRT,RBRT,BTEX,BTEX,microg/m3
882,BTEXRBRT,RBRT,BTEX,BTEX,microg/m3
883,BTEXRBRT,RBRT,BTEX,BTEX,microg/m3
884,BTEXRBRT,RBRT,BTEX,BTEX,microg/m3
885,BTEXRBRT,RBRT,BTEX,BTEX,microg/m3
886,BTEXRBRT,RBRT,BTEX,BTEX,microg/m3
887,BTEXRBRT,RBRT,BTEX,BTEX,microg/m3
888,BTEXRBRT,RBRT,BTEX,BTEX,microg/m3
889,BTEXRBRT,RBRT,BTEX,BTEX,microg/m3
890,BTEXRBRT,RBRT,BTEX,BTEX,microg/m3
891,BTEXRBRT,RBRT,BTEX,BTEX,microg/m3
892,BTEXRBRT,RBRT,BTEX,BTEX,microg/m3
893,BTEXRBRT,RBRT,BTEX,BTEX,microg/m3
894,BTEXRBRT,RBRT,BTEX,BTEX,microg/m3
895,BTEXRBRT,RBRT,BTEX,BTEX,microg/m3
896,BTEXRBRT,RBRT,BTEX,BTEX,microg/m3
897,BTEXRBRT,RBRT,BTEX,BTEX,microg/m3
898,BTEXRBRT,RBRT,BTEX,BTEX,microg/m3
899,BTEXRBRT,RBRT,BTEX,BTEX,microg/m3
900,BTEXRBRT,RBRT,BTEX,BTEX,microg/m3
901,BTEXRBRT,RBRT,BTEX,BTEX,microg/m3
902,BTEXRBRT,RBRT,BTEX,BTEX,microg/m3
903,BTEXRBRT,RBRT,BTEX,BTEX,microg/m3
904,BTEXRBRT,RBRT,BTEX,BTEX,microg/m3
905,BTEXRBRT,RBRT,BTEX,BTEX,microg/m3
906,BTEXRBRT,RBRT,BTEX,BTEX,microg/m3
907,BTEXRBRT,RBRT,BTEX,BTEX,microg/m3
908,BTEXRBRT,RBRT,BTEX,BTEX,microg/m3
909,BTEXRBRT,RBRT,BTEX,BTEX,microg/m3
910,BTEXRBRT,RBRT,BTEX,BTEX,microg/m3
911,BTEXRBRT,RBRT,BTEX,BTEX,microg/m3
912,BTEXRBRT,RBRT,BTEX,BTEX,microg/m3
913,BTEXRBRT,RBRT,BTEX,BTEX,microg/m3
914,BTEXRBRT,RBRT,BTEX,BTEX,microg/m3
915,BTEXRBRT,RBRT,BTEX,BTEX,microg/m3
916,BTEXRBRT,RBRT,BTEX,BTEX,microg/m3
917,BTEXRBRT,RBRT,BTEX,BTEX,microg/m3
918,BTEXRBRT,RBRT,BTEX,BTEX,microg/m3
919,BTEXRBRT,RBRT,BTEX,BTEX,microg/m3
920,BTEXRBRT,RBRT,BTEX,BTEX,microg/m3
921,BTEXRBRT,RBRT,BTEX,BTEX,microg/m3
922,BTEXRBRT,RBRT,BTEX,BTEX,microg/m3
923,BTEXRBRT,RBRT,BTEX,BTEX,microg/m3
924,BTEXRBRT,RBRT,BTEX,BTEX,microg/m3
925,BTEXRBRT,RBRT,BTEX,BTEX,microg/m3
926,BTEXRBRT,RBRT,BTEX,BTEX,microg/m3
927,BTEXRBRT,RBRT,BTEX,BTEX,microg/m3
928,BTEXRBRT,RBRT,BTEX,BTEX,microg/m3
929,BTEXRBRT,RBRT,BTEX,BTEX,microg/m3
930,BTEXRBRT,RBRT,BTEX,BTEX,microg/m3
931,BTEXRBRT,RBRT,BTEX,BTEX,microg/m3
932,BTEXRBRT,RBRT,BTEX,BTEX,microg/m3
933,BTEXRBRT,RBRT,BTEX,BTEX,microg/m3
934,BTEXRBRT,RBRT,BTEX,BTEX,microg/m3
935,BTEXRBRT,RBRT,BTEX,BTEX,microg/m3
936,BTEXRBRT,RBRT,BTEX,BTEX,microg/m3
937,BTEXRBRT,RBRT,BTEX,BTEX,microg/m3
938,BTEXRBRT,RBRT,BTEX,BTEX,microg/m3
939,BTEXRBRT,RBRT,BTEX,BTEX,microg/m3
940,BTEXRBRT,RBRT,BTEX,BTEX,microg/m3
941,BTEXRBRT,RBRT,BTEX,BTEX,microg/m3
942,BTEXRBRT,RBRT,BTEX,BTEX,microg/m3
943,BTEXRBRT,RBRT,BTEX,BTEX,microg/m3
944,BTEXRBRT,RBRT,BTEX,BTEX,microg/m3
945,BTEXRBRT,RBRT,BTEX,BTEX,microg/m3
946,BTEXRBRT,RBRT,BTEX,BTEX,microg/m3
947,BTEXRBRT,RBRT,BTEX,BTEX,microg/m3
948,BTEXRBRT,RBRT,BTEX,BTEX,microg/m3
949,BTEXRBRT,RBRT,BTEX,BTEX,microg/m3
950,BTEXRBRT,RBRT,BTEX,BTEX,microg/m3
951,BTEXRBRT,RBRT,BTEX,BTEX,microg/m3
952,BTEXRBRT,RBRT,BTEX,BTEX,microg/m3
953,BTEXRBRT,RBRT,BTEX,BTEX,microg/m3
954,BTEXRBRT,RBRT,BTEX,BTEX,microg/m3
955,BTEXRBRT,RBRT,BTEX,BTEX,microg/m3
956,BTEXRBRT,RBRT,BTEX,BTEX,microg/m3
957,BTEXRBRT,RBRT,BTEX,BTEX,microg/m3
958,BTEXRBRT,RBRT,BTEX,BTEX,microg/m3
959,BTEXRBRT,RBRT,BTEX,BTEX,microg/m3
960,BTEXRBRT,RBRT,BTEX,BTEX,microg/m3
961,BTEXRBRT,RBRT,BTEX,BTEX,microg/m3
962,BTEXRBRT,RBRT,BTEX,BTEX,microg/m3
963,BTEXRBRT,RBRT,BTEX,BTEX,microg/m3
964,BTEXRBRT,RBRT,BTEX,BTEX,microg/m3
965,BTEXRBRT,RBRT,BTEX,BTEX,microg/m3
966,BTEXRBRT,RBRT,BTEX,BTEX,microg/m3
967,BTEXRBRT,RBRT,BTEX,BTEX,microg/m3
968,BTEXRBRT,RBRT,BTEX,BTEX,microg/m3
969,BTEXRBRT,RBRT,BTEX,BTEX,microg/m3
970,BTEXRBRT,RBRT,BTEX,BTEX,microg/m3
971,BTEXRBRT,RBRT,BTEX,BTEX,microg/m3
972,BTEXRBRT,RBRT,BTEX,BTEX,microg/m3
973,BTEXRBRT,RBRT,BTEX,BTEX,microg/m3
974,BTEXRBRT,RBRT,BTEX,BTEX,microg/m3
975,BTEXRBRT,RBRT,BTEX,BTEX,microg/m3
976,BTEXRBRT,RBRT,BTEX,BTEX,microg/m3
977,BTEXRBRT,RBRT,BTEX,BTEX,microg/m3
978,BTEXRBRT,RBRT,BTEX,BTEX,microg/m3
979,BTEXRBRT,RBRT,BTEX,BTEX,microg/m3
980,BTEXRBRT,RBRT,BTEX,BTEX,microg/m3
981,BTEXRBRT,RBRT,BTEX,BTEX,microg/m3
982,BTEXRBRT,RBRT,BTEX,BTEX,microg/m3
983,BTEXRBRT,RBRT,BTEX,BTEX,microg/m3
984,BTEXRBRT,RBRT,BTEX,BTEX,microg/m3
985,BTEXRBRT,RBRT,BTEX,BTEX,microg/m3
986,BTEXRBRT,RBRT,BTEX,BTEX,microg/m3
987,BTEXRBRT,RBRT,BTEX,BTEX,microg/m3
988,BTEXRBRT,RBRT,BTEX,BTEX,microg/m3
989,BTEXRBRT,RBRT,BTEX,BTEX,microg/m3
990,BTEXRBRT,RBRT,BTEX,BTEX,microg/m3
991,BTEXRBRT,RBRT,BTEX,BTEX,microg/m3
992,BTEXRBRT,RBRT,BTEX,BTEX,microg/m3
993,BTEXRBRT,RBRT,BTEX,BTEX,microg/m3
994,BTEXRBRT,RBRT,BTEX,BTEX,microg/m3
995,BTEXRBRT,RBRT,BTEX,BTEX,microg/m3
996,BTEXRBRT,RBRT,BTEX,BTEX,microg/m3
997,BTEXRBRT,RBRT,BTEX,BTEX,microg/m3
998,BTEXRBRT,RBRT,BTEX,BTEX,microg/m3
999,BTEXRBRT,RBRT,BTEX,BTEX,microg/m3
1000,BTEXRBRT,RBRT,BTEX,BTEX,microg/m3
1001,COVleBETG,BETG,COV Légères,COVle,microg/m3
1002,COVleBETG,BETG,COV Légères,COVle,microg/m3
1003,COVleBETG,BETG,COV Légères,COVle,microg/m3
1004,COVleBETG,BETG,COV Légères,COVle,microg/m3
1005,COVleBETG,BETG,COV Légères,COVle,microg/m3
1006,COVleBETG,BETG,COV Légères,COVle,microg/m3
1007,COVleBETG,BETG,COV Légères,COVle,microg/m3
1008,COVleBETG,BETG,COV Légères,COVle,microg/m3
1009,COVleBETG,BETG,COV Légères,COVle,microg/m3
1010,COVleBETG,BETG,COV Légères,COVle,microg/m3
1011,COVleBETG,BETG,COV Légères,COVle,microg/m3
1012,COVleBETG,BETG,COV Légères,COVle,microg/m3
1013,COVleBETG,BETG,COV Légères,COVle,microg/m3
1014,COVleBETG,BETG,COV Légères,COVle,microg/m3
1015,COVleBETG,BETG,COV Légères,COVle,microg/m3
1016,COVleBETG,BETG,COV Légères,COVle,microg/m3
1017,COVleBETG,BETG,COV Légères,COVle,microg/m3
1018,COVleBETG,BETG,COV Légères,COVle,microg/m3
1019,COVleBETG,BETG,COV Légères,COVle,microg/m3
1020,COVleBETG,BETG,COV Légères,COVle,microg/m3
1021,COVleBETG,BETG,COV Légères,COVle,microg/m3
1022,COVleBETG,BETG,COV Légères,COVle,microg/m3
1023,COVleBETG,BETG,COV Légères,COVle,microg/m3
1024,COVleBETG,BETG,COV Légères,COVle,microg/m3
1025,COVleBETG,BETG,COV Légères,COVle,microg/m3
1026,COVleBETG,BETG,COV Légères,COVle,microg/m3
1027,COVleBETG,BETG,COV Légères,COVle,microg/m3
1028,COVleBETG,BETG,COV Légères,COVle,microg/m3
1029,COVleBETG,BETG,COV Légères,COVle,microg/m3
1030,COVleBETG,BETG,COV Légères,COVle,microg/m3
1031,COVleBETG,BETG,COV Légères,COVle,microg/m3
1032,COVleBETG,BETG,COV Légères,COVle,microg/m3
1033,COVleBETG,BETG,COV Légères,COVle,microg/m3
1034,COVleBETG,BETG,COV Légères,COVle,microg/m3
1035,COVleBETG,BETG,COV Légères,COVle,microg/m3
1036,COVleBETG,BETG,COV Légères,COVle,microg/m3
1037,COVleBETG,BETG,COV Légères,COVle,microg/m3
1038,COVleBETG,BETG,COV Légères,COVle,microg/m3
1039,COVleBETG,BETG,COV Légères,COVle,microg/m3
1040,COVleBETG,BETG,COV Légères,COVle,microg/m3
1041,COVleBETG,BETG,COV Légères,COVle,microg/m3
1042,COVleBETG,BETG,COV Légères,COVle,microg/m3
1043,COVleBETG,BETG,COV Légères,COVle,microg/m3
1044,COVleBETG,BETG,COV Légères,COVle,microg/m3
1045,COVleBETG,BETG,COV Légères,COVle,microg/m3
1046,COVleBETG,BETG,COV Légères,COVle,microg/m3
1047,COVleBETG,BETG,COV Légères,COVle,microg/m3
1048,COVleBETG,BETG,COV Légères,COVle,microg/m3
1049,COVleBETG,BETG,COV Légères,COVle,microg/m3
1050,COVleBETG,BETG,COV Légères,COVle,microg/m3
1051,COVleBETG,BETG,COV Légères,COVle,microg/m3
1052,COVleBETG,BETG,COV Légères,COVle,microg/m3
1053,COVleBETG,BETG,COV Légères,COVle,microg/m3
1054,COVleBETG,BETG,COV Légères,COVle,microg/m3
1055,COVleBETG,BETG,COV Légères,COVle,microg/m3
1056,COVleBETG,BETG,COV Légères,COVle,microg/m3
1057,COVleBETG,BETG,COV Légères,COVle,microg/m3
1058,COVleBETG,BETG,COV Légères,COVle,microg/m3
1059,COVleBETG,BETG,COV Légères,COVle,microg/m3
1060,COVleBETG,BETG,COV Légères,COVle,microg/m3
1061,COVleBETG,BETG,COV Légères,COVle,microg/m3
1062,COVleBETG,BETG,COV Légères,COVle,microg/m3
1063,COVleBETG,BETG,COV Légères,COVle,microg/m3
1064,COVleBETG,BETG,COV Légères,COVle,microg/m3
1065,COVleBETG,BETG,COV Légères,COVle,microg/m3
1066,COVleBETG,BETG,COV Légères,COVle,microg/m3
1067,COVleBETG,BETG,COV Légères,COVle,microg/m3
1068,COVleBETG,BETG,COV Légères,COVle,microg/m3
1069,COVleBETG,BETG,COV Légères,COVle,microg/m3
1070,COVleBETG,BETG,COV Légères,COVle,microg/m3
1071,COVleBETG,BETG,COV Légères,COVle,microg/m3
1072,COVleBETG,BETG,COV Légères,COVle,microg/m3
1073,COVleBETG,BETG,COV Légères,COVle,microg/m3
1074,COVleBETG,BETG,COV Légères,COVle,microg/m3
1075,COVleBETG,BETG,COV Légères,COVle,microg/m3
1076,COVleBETG,BETG,COV Légères,COVle,microg/m3
1077,COVleBETG,BETG,COV Légères,COVle,microg/m3
1078,COVleBETG,BETG,COV Légères,COVle,microg/m3
1079,COVleBETG,BETG,COV Légères,COVle,microg/m3
1080,COVleBETG,BETG,COV Légères,COVle,microg/m3
1081,COVleBETG,BETG,COV Légères,COVle,microg/m3
1082,COVleBETG,BETG,COV Légères,COVle,microg/m3
1083,COVleBETG,BETG,COV Légères,COVle,microg/m3
1084,COVleBETG,BETG,COV Légères,COVle,microg/m3
1085,COVleBETG,BETG,COV Légères,COVle,microg/m3
1086,COVleBETG,BETG,COV Légères,COVle,microg/m3
1087,COVleBETG,BETG,COV Légères,COVle,microg/m3
1088,COVleBETG,BETG,COV Légères,COVle,microg/m3
1089,COVleBETG,BETG,COV Légères,COVle,microg/m3
1090,COVleBETG,BETG,COV Légères,COVle,microg/m3
1091,COVleBETG,BETG,COV Légères,COVle,microg/m3
1092,COVleBETG,BETG,COV Légères,COVle,microg/m3
1093,COVleBETG,BETG,COV Légères,COVle,microg/m3
1094,COVleBETG,BETG,COV Légères,COVle,microg/m3
1095,COVleBETG,BETG,COV Légères,COVle,microg/m3
1096,COVleBETG,BETG,COV Légères,COVle,microg/m3
1097,COVleBETG,BETG,COV Légères,COVle,microg/m3
1098,COVleBETG,BETG,COV Légères,COVle,microg/m3
1099,COVleBETG,BETG,COV Légères,COVle,microg/m3
1100,COVleBETG,BETG,COV Légères,COVle,microg/m3
1101,COVleBETG,BETG,COV Légères,COVle,microg/m3
1102,COVleBETG,BETG,COV Légères,COVle,microg/m3
1103,COVleBETG,BETG,COV Légères,COVle,microg/m3
1104,COVleBETG,BETG,COV Légères,COVle,microg/m3
1105,COVleBETG,BETG,COV Légères,COVle,microg/m3
1106,COVleBETG,BETG,COV Légères,COVle,microg/m3
1107,COVleBETG,BETG,COV Légères,COVle,microg/m3
1108,COVleBETG,BETG,COV Légères,COVle,microg/m3
1109,COVleBETG,BETG,COV Légères,COVle,microg/m3
1110,COVleBETG,BETG,COV Légères,COVle,microg/m3
1111,COVleBETG,BETG,COV Légères,COVle,microg/m3
1112,COVleBETG,BETG,COV Légères,COVle,microg/m3
1113,COVleBETG,BETG,COV Légères,COVle,microg/m3
1114,COVleBETG,BETG,COV Légères,COVle,microg/m3
1115,COVleBETG,BETG,COV Légères,COVle,microg/m3
1116,COVleBETG,BETG,COV Légères,COVle,microg/m3
1117,COVleBETG,BETG,COV Légères,COVle,microg/m3
1118,COVleBETG,BETG,COV Légères,COVle,microg/m3
1119,COVleBETG,BETG,COV Légères,COVle,microg/m3
1120,COVleBETG,BETG,COV Légères,COVle,microg/m3
1121,COVleBETG,BETG,COV Légères,COVle,microg/m3
1122,COVleBETG,BETG,COV Légères,COVle,microg/m3
1123,COVleBETG,BETG,COV Légères,COVle,microg/m3
1124,COVleBETG,BETG,COV Légères,COVle,microg/m3
1125,COVleBETG,BETG,COV Légères,COVle,microg/m3
1126,COVleBETG,BETG,COV Légères,COVle,microg/m3
1127,COVleBETG,BETG,COV Légères,COVle,microg/m3
1128,COVleBETG,BETG,COV Légères,COVle,microg/m3
1129,COVleBETG,BETG,COV Légères,COVle,microg/m3
1130,COVleBETG,BETG,COV Légères,COVle,microg/m3
1131,COVleBETG,BETG,COV Légères,COVle,microg/m3
1132,COVleBETG,BETG,COV Légères,COVle,microg/m3
1133,COVleBETG,BETG,COV Légères,COVle,microg/m3
1134,COVleBETG,BETG,COV Légères,COVle,microg/m3
1135,COVleBETG,BETG,COV Légères,COVle,microg/m3
1136,COVleBETG,BETG,COV Légères,COVle,microg/m3
1137,COVleBETG,BETG,COV Légères,COVle,microg/m3
1138,COVleBETG,BETG,COV Légères,COVle,microg/m3
1139,COVleBETG,BETG,COV Légères,COVle,microg/m3
1140,COVleBETG,BETG,COV Légères,COVle,microg/m3
1141,COVleBETG,BETG,COV Légères,COVle,microg/m3
1142,COVleBETG,BETG,COV Légères,COVle,microg/m3
1143,COVleBETG,BETG,COV Légères,COVle,microg/m3
1144,COVleMLVR,MLVR,COV Légères,COVle,microg/m3
1145,COVleMLVR,MLVR,COV Légères,COVle,microg/m3
1146,COVleMLVR,MLVR,COV Légères,COVle,microg/m3
1147,COVleMLVR,MLVR,COV Légères,COVle,microg/m3
1148,COVleMLVR,MLVR,COV Légères,COVle,microg/m3
1149,COVleMLVR,MLVR,COV Légères,COVle,microg/m3
1150,COVleMLVR,MLVR,COV Légères,COVle,microg/m3
1151,COVleMLVR,MLVR,COV Légères,COVle,microg/m3
1152,COVleMLVR,MLVR,COV Légères,COVle,microg/m3
1153,COVleMLVR,MLVR,COV Légères,COVle,microg/m3
1154,COVleMLVR,MLVR,COV Légères,COVle,microg/m3
1155,COVleMLVR,MLVR,COV Légères,COVle,microg/m3
1156,COVleMLVR,MLVR,COV Légères,COVle,microg/m3
1157,COVleMLVR,MLVR,COV Légères,COVle,microg/m3
1158,COVleMLVR,MLVR,COV Légères,COVle,microg/m3
1159,COVleMLVR,MLVR,COV Légères,COVle,microg/m3
1160,COVleMLVR,MLVR,COV Légères,COVle,microg/m3
1161,COVleMLVR,MLVR,COV Légères,COVle,microg/m3
1162,COVleMLVR,MLVR,COV Légères,COVle,microg/m3
1163,COVleMLVR,MLVR,COV Légères,COVle,microg/m3
1164,COVleMLVR,MLVR,COV Légères,COVle,microg/m3
1165,COVleMLVR,MLVR,COV Légères,COVle,microg/m3
1166,COVleMLVR,MLVR,COV Légères,COVle,microg/m3
1167,COVleMLVR,MLVR,COV Légères,COVle,microg/m3
1168,COVleMLVR,MLVR,COV Légères,COVle,microg/m3
1169,COVleMLVR,MLVR,COV Légères,COVle,microg/m3
1170,COVleMLVR,MLVR,COV Légères,COVle,microg/m3
1171,COVleMLVR,MLVR,COV Légères,COVle,microg/m3
1172,COVleMLVR,MLVR,COV Légères,COVle,microg/m3
1173,COVleMLVR,MLVR,COV Légères,COVle,microg/m3
1174,COVleMLVR,MLVR,COV Légères,COVle,microg/m3
1175,COVleMLVR,MLVR,COV Légères,COVle,microg/m3
1176,COVleMLVR,MLVR,COV Légères,COVle,microg/m3
1177,COVleMLVR,MLVR,COV Légères,COVle,microg/m3
1178,COVleMLVR,MLVR,COV Légères,COVle,microg/m3
1179,COVleMLVR,MLVR,COV Légères,COVle,microg/m3
1180,COVleMLVR,MLVR,COV Légères,COVle,microg/m3
1181,COVleMLVR,MLVR,COV Légères,COVle,microg/m3
1182,COVleMLVR,MLVR,COV Légères,COVle,microg/m3
1183,COVleMLVR,MLVR,COV Légères,COVle,microg/m3
1184,COVleMLVR,MLVR,COV Légères,COVle,microg/m3
1185,COVleMLVR,MLVR,COV Légères,COVle,microg/m3
1186,COVleMLVR,MLVR,COV Légères,COVle,microg/m3
1187,COVleMLVR,MLVR,COV Légères,COVle,microg/m3
1188,COVleMLVR,MLVR,COV Légères,COVle,microg/m3
1189,COVleMLVR,MLVR,COV Légères,COVle,microg/m3
1190,COVleMLVR,MLVR,COV Légères,COVle,microg/m3
1191,COVleMLVR,MLVR,COV Légères,COVle,microg/m3
1192,COVleMLVR,MLVR,COV Légères,COVle,microg/m3
1193,COVleMLVR,MLVR,COV Légères,COVle,microg/m3
1194,COVleMLVR,MLVR,COV Légères,COVle,microg/m3
1195,COVleMLVR,MLVR,COV Légères,COVle,microg/m3
1196,COVleMLVR,MLVR,COV Légères,COVle,microg/m3
1197,COVleMLVR,MLVR,COV Légères,COVle,microg/m3
1198,COVleMLVR,MLVR,COV Légères,COVle,microg/m3
1199,COVleMLVR,MLVR,COV Légères,COVle,microg/m3
1200,COVleMLVR,MLVR,COV Légères,COVle,microg/m3
1201,COVleMLVR,MLVR,COV Légères,COVle,microg/m3
1202,COVleMLVR,MLVR,COV Légères,COVle,microg/m3
1203,COVleMLVR,MLVR,COV Légères,COVle,microg/m3
1204,COVleMLVR,MLVR,COV Légères,COVle,microg/m3
1205,COVleMLVR,MLVR,COV Légères,COVle,microg/m3
1206,COVleMLVR,MLVR,COV Légères,COVle,microg/m3
1207,COVleMLVR,MLVR,COV Légères,COVle,microg/m3
1208,COVleMLVR,MLVR,COV Légères,COVle,microg/m3
1209,COVleMLVR,MLVR,COV Légères,COVle,microg/m3
1210,COVleMLVR,MLVR,COV Légères,COVle,microg/m3
1211,COVleMLVR,MLVR,COV Légères,COVle,microg/m3
1212,COVleMLVR,MLVR,COV Légères,COVle,microg/m3
1213,COVleMLVR,MLVR,COV Légères,COVle,microg/m3
1214,COVleMLVR,MLVR,COV Légères,COVle,microg/m3
1215,COVleMLVR,MLVR,COV Légères,COVle,microg/m3
1216,COVleMLVR,MLVR,COV Légères,COVle,microg/m3
1217,COVleMLVR,MLVR,COV Légères,COVle,microg/m3
1218,COVleMLVR,MLVR,COV Légères,COVle,microg/m3
1219,COVleMLVR,MLVR,COV Légères,COVle,microg/m3
1220,COVleMLVR,MLVR,COV Légères,COVle,microg/m3
1221,COVleMLVR,MLVR,COV Légères,COVle,microg/m3
1222,COVleMLVR,MLVR,COV Légères,COVle,microg/m3
1223,COVleMLVR,MLVR,COV Légères,COVle,microg/m3
1224,COVleMLVR,MLVR,COV Légères,COVle,microg/m3
1225,COVleMLVR,MLVR,COV Légères,COVle,microg/m3
1226,COVleMLVR,MLVR,COV Légères,COVle,microg/m3
1227,COVleMLVR,MLVR,COV Légères,COVle,microg/m3
1228,COVleMLVR,MLVR,COV Légères,COVle,microg/m3
1229,COVleMLVR,MLVR,COV Légères,COVle,microg/m3
1230,COVleMLVR,MLVR,COV Légères,COVle,microg/m3
1231,COVleMLVR,MLVR,COV Légères,COVle,microg/m3
1232,COVleMLVR,MLVR,COV Légères,COVle,microg/m3
1233,COVleMLVR,MLVR,COV Légères,COVle,microg/m3
1234,COVleMLVR,MLVR,COV Légères,COVle,microg/m3
1235,COVleMLVR,MLVR,COV Légères,COVle,microg/m3
1236,COVleMLVR,MLVR,COV Légères,COVle,microg/m3
1237,COVleMLVR,MLVR,COV Légères,COVle,microg/m3
1238,COVleMLVR,MLVR,COV Légères,COVle,microg/m3
1239,COVleMLVR,MLVR,COV Légères,COVle,microg/m3
1240,COVleMLVR,MLVR,COV Légères,COVle,microg/m3
1241,COVleMLVR,MLVR,COV Légères,COVle,microg/m3
1242,COVleMLVR,MLVR,COV Légères,COVle,microg/m3
1243,COVleMLVR,MLVR,COV Légères,COVle,microg/m3
1244,COVleMLVR,MLVR,COV Légères,COVle,microg/m3
1245,COVleMLVR,MLVR,COV Légères,COVle,microg/m3
1246,COVleMLVR,MLVR,COV Légères,COVle,microg/m3
1247,COVleMLVR,MLVR,COV Légères,COVle,microg/m3
1248,COVleMLVR,MLVR,COV Légères,COVle,microg/m3
1249,COVleMLVR,MLVR,COV Légères,COVle,microg/m3
1250,COVleMLVR,MLVR,COV Légères,COVle,microg/m3
1251,COVleMLVR,MLVR,COV Légères,COVle,microg/m3
1252,COVleMLVR,MLVR,COV Légères,COVle,microg/m3
1253,COVleMLVR,MLVR,COV Légères,COVle,microg/m3
1254,COVleMLVR,MLVR,COV Légères,COVle,microg/m3
1255,COVleMLVR,MLVR,COV Légères,COVle,microg/m3
1256,COVleMLVR,MLVR,COV Légères,COVle,microg/m3
1257,COVleMLVR,MLVR,COV Légères,COVle,microg/m3
1258,COVleMLVR,MLVR,COV Légères,COVle,microg/m3
1259,COVleMLVR,MLVR,COV Légères,COVle,microg/m3
1260,COVleMLVR,MLVR,COV Légères,COVle,microg/m3
1261,COVleMLVR,MLVR,COV Légères,COVle,microg/m3
1262,COVleMLVR,MLVR,COV Légères,COVle,microg/m3
1263,COVleMLVR,MLVR,COV Légères,COVle,microg/m3
1264,COVleMLVR,MLVR,COV Légères,COVle,microg/m3
1265,COVleMLVR,MLVR,COV Légères,COVle,microg/m3
1266,COVleMLVR,MLVR,COV Légères,COVle,microg/m3
1267,COVleMLVR,MLVR,COV Légères,COVle,microg/m3
1268,COVleMLVR,MLVR,COV Légères,COVle,microg/m3
1269,COVleMLVR,MLVR,COV Légères,COVle,microg/m3
1270,COVleMLVR,MLVR,COV Légères,COVle,microg/m3
1271,COVleMLVR,MLVR,COV Légères,COVle,microg/m3
1272,COVleMLVR,MLVR,COV Légères,COVle,microg/m3
1273,COVleMLVR,MLVR,COV Légères,COVle,microg/m3
1274,COVleMLVR,MLVR,COV Légères,COVle,microg/m3
1275,COVleMLVR,MLVR,COV Légères,COVle,microg/m3
1276,COVleMLVR,MLVR,COV Légères,COVle,microg/m3
1277,COVleMLVR,MLVR,COV Légères,COVle,microg/m3
1278,COVleMLVR,MLVR,COV Légères,COVle,microg/m3
1279,COVleMLVR,MLVR,COV Légères,COVle,microg/m3
1280,COVleMLVR,MLVR,COV Légères,COVle,microg/m3
1281,COVleMLVR,MLVR,COV Légères,COVle,microg/m3
1282,COVleMLVR,MLVR,COV Légères,COVle,microg/m3
1283,COVleMLVR,MLVR,COV Légères,COVle,microg/m3
1284,COVleMLVR,MLVR,COV Légères,COVle,microg/m3
1285,COVleMLVR,MLVR,COV Légères,COVle,microg/m3
1286,COVleMLVR,MLVR,COV Légères,COVle,microg/m3
1287,COVlePDBL,PDBL,COV Légères,COVle,microg/m3
1288,COVlePDBL,PDBL,COV Légères,COVle,microg/m3
1289,COVlePDBL,PDBL,COV Légères,COVle,microg/m3
1290,COVlePDBL,PDBL,COV Légères,COVle,microg/m3
1291,COVlePDBL,PDBL,COV Légères,COVle,microg/m3
1292,COVlePDBL,PDBL,COV Légères,COVle,microg/m3
1293,COVlePDBL,PDBL,COV Légères,COVle,microg/m3
1294,COVlePDBL,PDBL,COV Légères,COVle,microg/m3
1295,COVlePDBL,PDBL,COV Légères,COVle,microg/m3
1296,COVlePDBL,PDBL,COV Légères,COVle,microg/m3
1297,COVlePDBL,PDBL,COV Légères,COVle,microg/m3
1298,COVlePDBL,PDBL,COV Légères,COVle,microg/m3
1299,COVlePDBL,PDBL,COV Légères,COVle,microg/m3
1300,COVlePDBL,PDBL,COV Légères,COVle,microg/m3
1301,COVlePDBL,PDBL,COV Légères,COVle,microg/m3
1302,COVlePDBL,PDBL,COV Légères,COVle,microg/m3
1303,COVlePDBL,PDBL,COV Légères,COVle,microg/m3
1304,COVlePDBL,PDBL,COV Légères,COVle,microg/m3
1305,COVlePDBL,PDBL,COV Légères,COVle,microg/m3
1306,COVlePDBL,PDBL,COV Légères,COVle,microg/m3
1307,COVlePDBL,PDBL,COV Légères,COVle,microg/m3
1308,COVlePDBL,PDBL,COV Légères,COVle,microg/m3
1309,COVlePDBL,PDBL,COV Légères,COVle,microg/m3
1310,COVlePDBL,PDBL,COV Légères,COVle,microg/m3
1311,COVlePDBL,PDBL,COV Légères,COVle,microg/m3
1312,COVlePDBL,PDBL,COV Légères,COVle,microg/m3
1313,COVlePDBL,PDBL,COV Légères,COVle,microg/m3
1314,COVlePDBL,PDBL,COV Légères,COVle,microg/m3
1315,COVlePDBL,PDBL,COV Légères,COVle,microg/m3
1316,COVlePDBL,PDBL,COV Légères,COVle,microg/m3
1317,COVlePDBL,PDBL,COV Légères,COVle,microg/m3
1318,COVlePDBL,PDBL,COV Légères,COVle,microg/m3
1319,COVlePDBL,PDBL,COV Légères,COVle,microg/m3
1320,COVlePDBL,PDBL,COV Légères,COVle,microg/m3
1321,COVlePDBL,PDBL,COV Légères,COVle,microg/m3
1322,COVlePDBL,PDBL,COV Légères,COVle,microg/m3
1323,COVlePDBL,PDBL,COV Légères,COVle,microg/m3
1324,COVlePDBL,PDBL,COV Légères,COVle,microg/m3
1325,COVlePDBL,PDBL,COV Légères,COVle,microg/m3
1326,COVlePDBL,PDBL,COV Légères,COVle,microg/m3
1327,COVlePDBL,PDBL,COV Légères,COVle,microg/m3
1328,COVlePDBL,PDBL,COV Légères,COVle,microg/m3
1329,COVlePDBL,PDBL,COV Légères,COVle,microg/m3
1330,COVlePDBL,PDBL,COV Légères,COVle,microg/m3
1331,COVlePDBL,PDBL,COV Légères,COVle,microg/m3
1332,COVlePDBL,PDBL,COV Légères,COVle,microg/m3
1333,COVlePDBL,PDBL,COV Légères,COVle,microg/m3
1334,COVlePDBL,PDBL,COV Légères,COVle,microg/m3
1335,COVlePDBL,PDBL,COV Légères,COVle,microg/m3
1336,COVlePDBL,PDBL,COV Légères,COVle,microg/m3
1337,COVlePDBL,PDBL,COV Légères,COVle,microg/m3
1338,COVlePDBL,PDBL,COV Légères,COVle,microg/m3
1339,COVlePDBL,PDBL,COV Légères,COVle,microg/m3
1340,COVlePDBL,PDBL,COV Légères,COVle,microg/m3
1341,COVlePDBL,PDBL,COV Légères,COVle,microg/m3
1342,COVlePDBL,PDBL,COV Légères,COVle,microg/m3
1343,COVlePDBL,PDBL,COV Légères,COVle,microg/m3
1344,COVlePDBL,PDBL,COV Légères,COVle,microg/m3
1345,COVlePDBL,PDBL,COV Légères,COVle,microg/m3
1346,COVlePDBL,PDBL,COV Légères,COVle,microg/m3
1347,COVlePDBL,PDBL,COV Légères,COVle,microg/m3
1348,COVlePDBL,PDBL,COV Légères,COVle,microg/m3
1349,COVlePDBL,PDBL,COV Légères,COVle,microg/m3
1350,COVlePDBL,PDBL,COV Légères,COVle,microg/m3
1351,COVlePDBL,PDBL,COV Légères,COVle,microg/m3
1352,COVlePDBL,PDBL,COV Légères,COVle,microg/m3
1353,COVlePDBL,PDBL,COV Légères,COVle,microg/m3
1354,COVlePDBL,PDBL,COV Légères,COVle,microg/m3
1355,COVlePDBL,PDBL,COV Légères,COVle,microg/m3
1356,COVlePDBL,PDBL,COV Légères,COVle,microg/m3
1357,COVlePDBL,PDBL,COV Légères,COVle,microg/m3
1358,COVlePDBL,PDBL,COV Légères,COVle,microg/m3
1359,COVlePDBL,PDBL,COV Légères,COVle,microg/m3
1360,COVlePDBL,PDBL,COV Légères,COVle,microg/m3
1361,COVlePDBL,PDBL,COV Légères,COVle,microg/m3
1362,COVlePDBL,PDBL,COV Légères,COVle,microg/m3
1363,COVlePDBL,PDBL,COV Légères,COVle,microg/m3
1364,COVlePDBL,PDBL,COV Légères,COVle,microg/m3
1365,COVlePDBL,PDBL,COV Légères,COVle,microg/m3
1366,COVlePDBL,PDBL,COV Légères,COVle,microg/m3
1367,COVlePDBL,PDBL,COV Légères,COVle,microg/m3
1368,COVlePDBL,PDBL,COV Légères,COVle,microg/m3
1369,COVlePDBL,PDBL,COV Légères,COVle,microg/m3
1370,COVlePDBL,PDBL,COV Légères,COVle,microg/m3
1371,COVlePDBL,PDBL,COV Légères,COVle,microg/m3
1372,COVlePDBL,PDBL,COV Légères,COVle,microg/m3
1373,COVlePDBL,PDBL,COV Légères,COVle,microg/m3
1374,COVlePDBL,PDBL,COV Légères,COVle,microg/m3
1375,COVlePDBL,PDBL,COV Légères,COVle,microg/m3
1376,COVlePDBL,PDBL,COV Légères,COVle,microg/m3
1377,COVlePDBL,PDBL,COV Légères,COVle,microg/m3
1378,COVlePDBL,PDBL,COV Légères,COVle,microg/m3
1379,COVlePDBL,PDBL,COV Légères,COVle,microg/m3
1380,COVlePDBL,PDBL,COV Légères,COVle,microg/m3
1381,COVlePDBL,PDBL,COV Légères,COVle,microg/m3
1382,COVlePDBL,PDBL,COV Légères,COVle,microg/m3
1383,COVlePDBL,PDBL,COV Légères,COVle,microg/m3
1384,COVlePDBL,PDBL,COV Légères,COVle,microg/m3
1385,COVlePDBL,PDBL,COV Légères,COVle,microg/m3
1386,COVlePDBL,PDBL,COV Légères,COVle,microg/m3
1387,COVlePDBL,PDBL,COV Légères,COVle,microg/m3
1388,COVlePDBL,PDBL,COV Légères,COVle,microg/m3
1389,COVlePDBL,PDBL,COV Légères,COVle,microg/m3
1390,COVlePDBL,PDBL,COV Légères,COVle,microg/m3
1391,COVlePDBL,PDBL,COV Légères,COVle,microg/m3
1392,COVlePDBL,PDBL,COV Légères,COVle,microg/m3
1393,COVlePDBL,PDBL,COV Légères,COVle,microg/m3
1394,COVlePDBL,PDBL,COV Légères,COVle,microg/m3
1395,COVlePDBL,PDBL,COV Légères,COVle,microg/m3
1396,COVlePDBL,PDBL,COV Légères,COVle,microg/m3
1397,COVlePDBL,PDBL,COV Légères,COVle,microg/m3
1398,COVlePDBL,PDBL,COV Légères,COVle,microg/m3
1399,COVlePDBL,PDBL,COV Légères,COVle,microg/m3
1400,COVlePDBL,PDBL,COV Légères,COVle,microg/m3
1401,COVlePDBL,PDBL,COV Légères,COVle,microg/m3
1402,COVlePDBL,PDBL,COV Légères,COVle,microg/m3
1403,COVlePDBL,PDBL,COV Légères,COVle,microg/m3
1404,COVlePDBL,PDBL,COV Légères,COVle,microg/m3
1405,COVlePDBL,PDBL,COV Légères,COVle,microg/m3
1406,COVlePDBL,PDBL,COV Légères,COVle,microg/m3
1407,COVlePDBL,PDBL,COV Légères,COVle,microg/m3
1408,COVlePDBL,PDBL,COV Légères,COVle,microg/m3
1409,COVlePDBL,PDBL,COV Légères,COVle,microg/m3
1410,COVlePDBL,PDBL,COV Légères,COVle,microg/m3
1411,COVlePDBL,PDBL,COV Légères,COVle,microg/m3
1412,COVlePDBL,PDBL,COV Légères,COVle,microg/m3
1413,COVlePDBL,PDBL,COV Légères,COVle,microg/m3
1414,COVlePDBL,PDBL,COV Légères,COVle,microg/m3
1415,COVlePDBL,PDBL,COV Légères,COVle,microg/m3
1416,COVlePDBL,PDBL,COV Légères,COVle,microg/m3
1417,COVlePDBL,PDBL,COV Légères,COVle,microg/m3
1418,COVlePDBL,PDBL,COV Légères,COVle,microg/m3
1419,COVlePDBL,PDBL,COV Légères,COVle,microg/m3
1420,COVlePDBL,PDBL,COV Légères,COVle,microg/m3
1421,COVlePDBL,PDBL,COV Légères,COVle,microg/m3
1422,COVlePDBL,PDBL,COV Légères,COVle,microg/m3
1423,COVlePDBL,PDBL,COV Légères,COVle,microg/m3
1424,COVlePDBL,PDBL,COV Légères,COVle,microg/m3
1425,COVlePDBL,PDBL,COV Légères,COVle,microg/m3
1426,COVlePDBL,PDBL,COV Légères,COVle,microg/m3
1427,COVlePDBL,PDBL,COV Légères,COVle,microg/m3
1428,COVlePDBL,PDBL,COV Légères,COVle,microg/m3
1429,COVlePDBL,PDBL,COV Légères,COVle,microg/m3
1430,COVloBETG,BETG,COV Lourds,COVlo,microg/m3
1431,COVloBETG,BETG,COV Lourds,COVlo,microg/m3
1432,COVloBETG,BETG,COV Lourds,COVlo,microg/m3
1433,COVloBETG,BETG,COV Lourds,COVlo,microg/m3
1434,COVloBETG,BETG,COV Lourds,COVlo,microg/m3
1435,COVloBETG,BETG,COV Lourds,COVlo,microg/m3
1436,COVloBETG,BETG,COV Lourds,COVlo,microg/m3
1437,COVloBETG,BETG,COV Lourds,COVlo,microg/m3
1438,COVloBETG,BETG,COV Lourds,COVlo,microg/m3
1439,COVloBETG,BETG,COV Lourds,COVlo,microg/m3
1440,COVloBETG,BETG,COV Lourds,COVlo,microg/m3
1441,COVloBETG,BETG,COV Lourds,COVlo,microg/m3
1442,COVloBETG,BETG,COV Lourds,COVlo,microg/m3
1443,COVloBETG,BETG,COV Lourds,COVlo,microg/m3
1444,COVloBETG,BETG,COV Lourds,COVlo,microg/m3
1445,COVloBETG,BETG,COV Lourds,COVlo,microg/m3
1446,COVloBETG,BETG,COV Lourds,COVlo,microg/m3
1447,COVloBETG,BETG,COV Lourds,COVlo,microg/m3
1448,COVloBETG,BETG,COV Lourds,COVlo,microg/m3
1449,COVloBETG,BETG,COV Lourds,COVlo,microg/m3
1450,COVloBETG,BETG,COV Lourds,COVlo,microg/m3
1451,COVloBETG,BETG,COV Lourds,COVlo,microg/m3
1452,COVloBETG,BETG,COV Lourds,COVlo,microg/m3
1453,COVloBETG,BETG,COV Lourds,COVlo,microg/m3
1454,COVloBETG,BETG,COV Lourds,COVlo,microg/m3
1455,COVloBETG,BETG,COV Lourds,COVlo,microg/m3
1456,COVloBETG,BETG,COV Lourds,COVlo,microg/m3
1457,COVloBETG,BETG,COV Lourds,COVlo,microg/m3
1458,COVloBETG,BETG,COV Lourds,COVlo,microg/m3
1459,COVloBETG,BETG,COV Lourds,COVlo,microg/m3
1460,COVloBETG,BETG,COV Lourds,COVlo,microg/m3
1461,COVloBETG,BETG,COV Lourds,COVlo,microg/m3
1462,COVloBETG,BETG,COV Lourds,COVlo,microg/m3
1463,COVloBETG,BETG,COV Lourds,COVlo,microg/m3
1464,COVloBETG,BETG,COV Lourds,COVlo,microg/m3
1465,COVloBETG,BETG,COV Lourds,COVlo,microg/m3
1466,COVloBETG,BETG,COV Lourds,COVlo,microg/m3
1467,COVloBETG,BETG,COV Lourds,COVlo,microg/m3
1468,COVloBETG,BETG,COV Lourds,COVlo,microg/m3
1469,COVloBETG,BETG,COV Lourds,COVlo,microg/m3
1470,COVloBETG,BETG,COV Lourds,COVlo,microg/m3
1471,COVloBETG,BETG,COV Lourds,COVlo,microg/m3
1472,COVloBETG,BETG,COV Lourds,COVlo,microg/m3
1473,COVloBETG,BETG,COV Lourds,COVlo,microg/m3
1474,COVloBETG,BETG,COV Lourds,COVlo,microg/m3
1475,COVloBETG,BETG,COV Lourds,COVlo,microg/m3
1476,COVloBETG,BETG,COV Lourds,COVlo,microg/m3
1477,COVloBETG,BETG,COV Lourds,COVlo,microg/m3
1478,COVloBETG,BETG,COV Lourds,COVlo,microg/m3
1479,COVloBETG,BETG,COV Lourds,COVlo,microg/m3
1480,COVloBETG,BETG,COV Lourds,COVlo,microg/m3
1481,COVloBETG,BETG,COV Lourds,COVlo,microg/m3
1482,COVloBETG,BETG,COV Lourds,COVlo,microg/m3
1483,COVloBETG,BETG,COV Lourds,COVlo,microg/m3
1484,COVloBETG,BETG,COV Lourds,COVlo,microg/m3
1485,COVloBETG,BETG,COV Lourds,COVlo,microg/m3
1486,COVloBETG,BETG,COV Lourds,COVlo,microg/m3
1487,COVloBETG,BETG,COV Lourds,COVlo,microg/m3
1488,COVloBETG,BETG,COV Lourds,COVlo,microg/m3
1489,COVloBETG,BETG,COV Lourds,COVlo,microg/m3
1490,COVloBETG,BETG,COV Lourds,COVlo,microg/m3
1491,COVloBETG,BETG,COV Lourds,COVlo,microg/m3
1492,COVloBETG,BETG,COV Lourds,COVlo,microg/m3
1493,COVloBETG,BETG,COV Lourds,COVlo,microg/m3
1494,COVloBETG,BETG,COV Lourds,COVlo,microg/m3
1495,COVloBETG,BETG,COV Lourds,COVlo,microg/m3
1496,COVloBETG,BETG,COV Lourds,COVlo,microg/m3
1497,COVloBETG,BETG,COV Lourds,COVlo,microg/m3
1498,COVloBETG,BETG,COV Lourds,COVlo,microg/m3
1499,COVloBETG,BETG,COV Lourds,COVlo,microg/m3
1500,COVloBETG,BETG,COV Lourds,COVlo,microg/m3
1501,COVloBETG,BETG,COV Lourds,COVlo,microg/m3
1502,COVloBETG,BETG,COV Lourds,COVlo,microg/m3
1503,COVloBETG,BETG,COV Lourds,COVlo,microg/m3
1504,COVloBETG,BETG,COV Lourds,COVlo,microg/m3
1505,COVloBETG,BETG,COV Lourds,COVlo,microg/m3
1506,COVloBETG,BETG,COV Lourds,COVlo,microg/m3
1507,COVloBETG,BETG,COV Lourds,COVlo,microg/m3
1508,COVloBETG,BETG,COV Lourds,COVlo,microg/m3
1509,COVloBETG,BETG,COV Lourds,COVlo,microg/m3
1510,COVloBETG,BETG,COV Lourds,COVlo,microg/m3
1511,COVloBETG,BETG,COV Lourds,COVlo,microg/m3
1512,COVloBETG,BETG,COV Lourds,COVlo,microg/m3
1513,COVloBETG,BETG,COV Lourds,COVlo,microg/m3
1514,COVloBETG,BETG,COV Lourds,COVlo,microg/m3
1515,COVloBETG,BETG,COV Lourds,COVlo,microg/m3
1516,COVloBETG,BETG,COV Lourds,COVlo,microg/m3
1517,COVloBETG,BETG,COV Lourds,COVlo,microg/m3
1518,COVloBETG,BETG,COV Lourds,COVlo,microg/m3
1519,COVloBETG,BETG,COV Lourds,COVlo,microg/m3
1520,COVloBETG,BETG,COV Lourds,COVlo,microg/m3
1521,COVloBETG,BETG,COV Lourds,COVlo,microg/m3
1522,COVloBETG,BETG,COV Lourds,COVlo,microg/m3
1523,COVloBETG,BETG,COV Lourds,COVlo,microg/m3
1524,COVloBETG,BETG,COV Lourds,COVlo,microg/m3
1525,COVloBETG,BETG,COV Lourds,COVlo,microg/m3
1526,COVloBETG,BETG,COV Lourds,COVlo,microg/m3
1527,COVloBETG,BETG,COV Lourds,COVlo,microg/m3
1528,COVloBETG,BETG,COV Lourds,COVlo,microg/m3
1529,COVloBETG,BETG,COV Lourds,COVlo,microg/m3
1530,COVloBETG,BETG,COV Lourds,COVlo,microg/m3
1531,COVloBETG,BETG,COV Lourds,COVlo,microg/m3
1532,COVloBETG,BETG,COV Lourds,COVlo,microg/m3
1533,COVloBETG,BETG,COV Lourds,COVlo,microg/m3
1534,COVloBETG,BETG,COV Lourds,COVlo,microg/m3
1535,COVloBETG,BETG,COV Lourds,COVlo,microg/m3
1536,COVloBETG,BETG,COV Lourds,COVlo,microg/m3
1537,COVloBETG,BETG,COV Lourds,COVlo,microg/m3
1538,COVloBETG,BETG,COV Lourds,COVlo,microg/m3
1539,COVloBETG,BETG,COV Lourds,COVlo,microg/m3
1540,COVloBETG,BETG,COV Lourds,COVlo,microg/m3
1541,COVloBETG,BETG,COV Lourds,COVlo,microg/m3
1542,COVloBETG,BETG,COV Lourds,COVlo,microg/m3
1543,COVloBETG,BETG,COV Lourds,COVlo,microg/m3
1544,COVloBETG,BETG,COV Lourds,COVlo,microg/m3
1545,COVloBETG,BETG,COV Lourds,COVlo,microg/m3
1546,COVloBETG,BETG,COV Lourds,COVlo,microg/m3
1547,COVloBETG,BETG,COV Lourds,COVlo,microg/m3
1548,COVloBETG,BETG,COV Lourds,COVlo,microg/m3
1549,COVloBETG,BETG,COV Lourds,COVlo,microg/m3
1550,COVloBETG,BETG,COV Lourds,COVlo,microg/m3
1551,COVloBETG,BETG,COV Lourds,COVlo,microg/m3
1552,COVloBETG,BETG,COV Lourds,COVlo,microg/m3
1553,COVloBETG,BETG,COV Lourds,COVlo,microg/m3
1554,COVloBETG,BETG,COV Lourds,COVlo,microg/m3
1555,COVloBETG,BETG,COV Lourds,COVlo,microg/m3
1556,COVloBETG,BETG,COV Lourds,COVlo,microg/m3
1557,COVloBETG,BETG,COV Lourds,COVlo,microg/m3
1558,COVloBETG,BETG,COV Lourds,COVlo,microg/m3
1559,COVloBETG,BETG,COV Lourds,COVlo,microg/m3
1560,COVloBETG,BETG,COV Lourds,COVlo,microg/m3
1561,COVloBETG,BETG,COV Lourds,COVlo,microg/m3
1562,COVloBETG,BETG,COV Lourds,COVlo,microg/m3
1563,COVloBETG,BETG,COV Lourds,COVlo,microg/m3
1564,COVloBETG,BETG,COV Lourds,COVlo,microg/m3
1565,COVloBETG,BETG,COV Lourds,COVlo,microg/m3
1566,COVloBETG,BETG,COV Lourds,COVlo,microg/m3
1567,COVloBETG,BETG,COV Lourds,COVlo,microg/m3
1568,COVloBETG,BETG,COV Lourds,COVlo,microg/m3
1569,COVloBETG,BETG,COV Lourds,COVlo,microg/m3
1570,COVloBETG,BETG,COV Lourds,COVlo,microg/m3
1571,COVloBETG,BETG,COV Lourds,COVlo,microg/m3
1572,COVloBETG,BETG,COV Lourds,COVlo,microg/m3
1573,COVloMLVR,MLVR,COV Lourds,COVlo,microg/m3
1574,COVloMLVR,MLVR,COV Lourds,COVlo,microg/m3
1575,COVloMLVR,MLVR,COV Lourds,COVlo,microg/m3
1576,COVloMLVR,MLVR,COV Lourds,COVlo,microg/m3
1577,COVloMLVR,MLVR,COV Lourds,COVlo,microg/m3
1578,COVloMLVR,MLVR,COV Lourds,COVlo,microg/m3
1579,COVloMLVR,MLVR,COV Lourds,COVlo,microg/m3
1580,COVloMLVR,MLVR,COV Lourds,COVlo,microg/m3
1581,COVloMLVR,MLVR,COV Lourds,COVlo,microg/m3
1582,COVloMLVR,MLVR,COV Lourds,COVlo,microg/m3
1583,COVloMLVR,MLVR,COV Lourds,COVlo,microg/m3
1584,COVloMLVR,MLVR,COV Lourds,COVlo,microg/m3
1585,COVloMLVR,MLVR,COV Lourds,COVlo,microg/m3
1586,COVloMLVR,MLVR,COV Lourds,COVlo,microg/m3
1587,COVloMLVR,MLVR,COV Lourds,COVlo,microg/m3
1588,COVloMLVR,MLVR,COV Lourds,COVlo,microg/m3
1589,COVloMLVR,MLVR,COV Lourds,COVlo,microg/m3
1590,COVloMLVR,MLVR,COV Lourds,COVlo,microg/m3
1591,COVloMLVR,MLVR,COV Lourds,COVlo,microg/m3
1592,COVloMLVR,MLVR,COV Lourds,COVlo,microg/m3
1593,COVloMLVR,MLVR,COV Lourds,COVlo,microg/m3
1594,COVloMLVR,MLVR,COV Lourds,COVlo,microg/m3
1595,COVloMLVR,MLVR,COV Lourds,COVlo,microg/m3
1596,COVloMLVR,MLVR,COV Lourds,COVlo,microg/m3
1597,COVloMLVR,MLVR,COV Lourds,COVlo,microg/m3
1598,COVloMLVR,MLVR,COV Lourds,COVlo,microg/m3
1599,COVloMLVR,MLVR,COV Lourds,COVlo,microg/m3
1600,COVloMLVR,MLVR,COV Lourds,COVlo,microg/m3
1601,COVloMLVR,MLVR,COV Lourds,COVlo,microg/m3
1602,COVloMLVR,MLVR,COV Lourds,COVlo,microg/m3
1603,COVloMLVR,MLVR,COV Lourds,COVlo,microg/m3
1604,COVloMLVR,MLVR,COV Lourds,COVlo,microg/m3
1605,COVloMLVR,MLVR,COV Lourds,COVlo,microg/m3
1606,COVloMLVR,MLVR,COV Lourds,COVlo,microg/m3
1607,COVloMLVR,MLVR,COV Lourds,COVlo,microg/m3
1608,COVloMLVR,MLVR,COV Lourds,COVlo,microg/m3
1609,COVloMLVR,MLVR,COV Lourds,COVlo,microg/m3
1610,COVloMLVR,MLVR,COV Lourds,COVlo,microg/m3
1611,COVloMLVR,MLVR,COV Lourds,COVlo,microg/m3
1612,COVloMLVR,MLVR,COV Lourds,COVlo,microg/m3
1613,COVloMLVR,MLVR,COV Lourds,COVlo,microg/m3
1614,COVloMLVR,MLVR,COV Lourds,COVlo,microg/m3
1615,COVloMLVR,MLVR,COV Lourds,COVlo,microg/m3
1616,COVloMLVR,MLVR,COV Lourds,COVlo,microg/m3
1617,COVloMLVR,MLVR,COV Lourds,COVlo,microg/m3
1618,COVloMLVR,MLVR,COV Lourds,COVlo,microg/m3
1619,COVloMLVR,MLVR,COV Lourds,COVlo,microg/m3
1620,COVloMLVR,MLVR,COV Lourds,COVlo,microg/m3
1621,COVloMLVR,MLVR,COV Lourds,COVlo,microg/m3
1622,COVloMLVR,MLVR,COV Lourds,COVlo,microg/m3
1623,COVloMLVR,MLVR,COV Lourds,COVlo,microg/m3
1624,COVloMLVR,MLVR,COV Lourds,COVlo,microg/m3
1625,COVloMLVR,MLVR,COV Lourds,COVlo,microg/m3
1626,COVloMLVR,MLVR,COV Lourds,COVlo,microg/m3
1627,COVloMLVR,MLVR,COV Lourds,COVlo,microg/m3
1628,COVloMLVR,MLVR,COV Lourds,COVlo,microg/m3
1629,COVloMLVR,MLVR,COV Lourds,COVlo,microg/m3
1630,COVloMLVR,MLVR,COV Lourds,COVlo,microg/m3
1631,COVloMLVR,MLVR,COV Lourds,COVlo,microg/m3
1632,COVloMLVR,MLVR,COV Lourds,COVlo,microg/m3
1633,COVloMLVR,MLVR,COV Lourds,COVlo,microg/m3
1634,COVloMLVR,MLVR,COV Lourds,COVlo,microg/m3
1635,COVloMLVR,MLVR,COV Lourds,COVlo,microg/m3
1636,COVloMLVR,MLVR,COV Lourds,COVlo,microg/m3
1637,COVloMLVR,MLVR,COV Lourds,COVlo,microg/m3
1638,COVloMLVR,MLVR,COV Lourds,COVlo,microg/m3
1639,COVloMLVR,MLVR,COV Lourds,COVlo,microg/m3
1640,COVloMLVR,MLVR,COV Lourds,COVlo,microg/m3
1641,COVloMLVR,MLVR,COV Lourds,COVlo,microg/m3
1642,COVloMLVR,MLVR,COV Lourds,COVlo,microg/m3
1643,COVloMLVR,MLVR,COV Lourds,COVlo,microg/m3
1644,COVloMLVR,MLVR,COV Lourds,COVlo,microg/m3
1645,COVloMLVR,MLVR,COV Lourds,COVlo,microg/m3
1646,COVloMLVR,MLVR,COV Lourds,COVlo,microg/m3
1647,COVloMLVR,MLVR,COV Lourds,COVlo,microg/m3
1648,COVloMLVR,MLVR,COV Lourds,COVlo,microg/m3
1649,COVloMLVR,MLVR,COV Lourds,COVlo,microg/m3
1650,COVloMLVR,MLVR,COV Lourds,COVlo,microg/m3
1651,COVloMLVR,MLVR,COV Lourds,COVlo,microg/m3
1652,COVloMLVR,MLVR,COV Lourds,COVlo,microg/m3
1653,COVloMLVR,MLVR,COV Lourds,COVlo,microg/m3
1654,COVloMLVR,MLVR,COV Lourds,COVlo,microg/m3
1655,COVloMLVR,MLVR,COV Lourds,COVlo,microg/m3
1656,COVloMLVR,MLVR,COV Lourds,COVlo,microg/m3
1657,COVloMLVR,MLVR,COV Lourds,COVlo,microg/m3
1658,COVloMLVR,MLVR,COV Lourds,COVlo,microg/m3
1659,COVloMLVR,MLVR,COV Lourds,COVlo,microg/m3
1660,COVloMLVR,MLVR,COV Lourds,COVlo,microg/m3
1661,COVloMLVR,MLVR,COV Lourds,COVlo,microg/m3
1662,COVloMLVR,MLVR,COV Lourds,COVlo,microg/m3
1663,COVloMLVR,MLVR,COV Lourds,COVlo,microg/m3
1664,COVloMLVR,MLVR,COV Lourds,COVlo,microg/m3
1665,COVloMLVR,MLVR,COV Lourds,COVlo,microg/m3
1666,COVloMLVR,MLVR,COV Lourds,COVlo,microg/m3
1667,COVloMLVR,MLVR,COV Lourds,COVlo,microg/m3
1668,COVloMLVR,MLVR,COV Lourds,COVlo,microg/m3
1669,COVloMLVR,MLVR,COV Lourds,COVlo,microg/m3
1670,COVloMLVR,MLVR,COV Lourds,COVlo,microg/m3
1671,COVloMLVR,MLVR,COV Lourds,COVlo,microg/m3
1672,COVloMLVR,MLVR,COV Lourds,COVlo,microg/m3
1673,COVloMLVR,MLVR,COV Lourds,COVlo,microg/m3
1674,COVloMLVR,MLVR,COV Lourds,COVlo,microg/m3
1675,COVloMLVR,MLVR,COV Lourds,COVlo,microg/m3
1676,COVloMLVR,MLVR,COV Lourds,COVlo,microg/m3
1677,COVloMLVR,MLVR,COV Lourds,COVlo,microg/m3
1678,COVloMLVR,MLVR,COV Lourds,COVlo,microg/m3
1679,COVloMLVR,MLVR,COV Lourds,COVlo,microg/m3
1680,COVloMLVR,MLVR,COV Lourds,COVlo,microg/m3
1681,COVloMLVR,MLVR,COV Lourds,COVlo,microg/m3
1682,COVloMLVR,MLVR,COV Lourds,COVlo,microg/m3
1683,COVloMLVR,MLVR,COV Lourds,COVlo,microg/m3
1684,COVloMLVR,MLVR,COV Lourds,COVlo,microg/m3
1685,COVloMLVR,MLVR,COV Lourds,COVlo,microg/m3
1686,COVloMLVR,MLVR,COV Lourds,COVlo,microg/m3
1687,COVloMLVR,MLVR,COV Lourds,COVlo,microg/m3
1688,COVloMLVR,MLVR,COV Lourds,COVlo,microg/m3
1689,COVloMLVR,MLVR,COV Lourds,COVlo,microg/m3
1690,COVloMLVR,MLVR,COV Lourds,COVlo,microg/m3
1691,COVloMLVR,MLVR,COV Lourds,COVlo,microg/m3
1692,COVloMLVR,MLVR,COV Lourds,COVlo,microg/m3
1693,COVloMLVR,MLVR,COV Lourds,COVlo,microg/m3
1694,COVloMLVR,MLVR,COV Lourds,COVlo,microg/m3
1695,COVloMLVR,MLVR,COV Lourds,COVlo,microg/m3
1696,COVloMLVR,MLVR,COV Lourds,COVlo,microg/m3
1697,COVloMLVR,MLVR,COV Lourds,COVlo,microg/m3
1698,COVloMLVR,MLVR,COV Lourds,COVlo,microg/m3
1699,COVloMLVR,MLVR,COV Lourds,COVlo,microg/m3
1700,COVloMLVR,MLVR,COV Lourds,COVlo,microg/m3
1701,COVloMLVR,MLVR,COV Lourds,COVlo,microg/m3
1702,COVloMLVR,MLVR,COV Lourds,COVlo,microg/m3
1703,COVloMLVR,MLVR,COV Lourds,COVlo,microg/m3
1704,COVloMLVR,MLVR,COV Lourds,COVlo,microg/m3
1705,COVloMLVR,MLVR,COV Lourds,COVlo,microg/m3
1706,COVloMLVR,MLVR,COV Lourds,COVlo,microg/m3
1707,COVloMLVR,MLVR,COV Lourds,COVlo,microg/m3
1708,COVloMLVR,MLVR,COV Lourds,COVlo,microg/m3
1709,COVloMLVR,MLVR,COV Lourds,COVlo,microg/m3
1710,COVloMLVR,MLVR,COV Lourds,COVlo,microg/m3
1711,COVloMLVR,MLVR,COV Lourds,COVlo,microg/m3
1712,COVloMLVR,MLVR,COV Lourds,COVlo,microg/m3
1713,COVloMLVR,MLVR,COV Lourds,COVlo,microg/m3
1714,COVloMLVR,MLVR,COV Lourds,COVlo,microg/m3
1715,COVloMLVR,MLVR,COV Lourds,COVlo,microg/m3
1716,COVloPDBL,PDBL,COV Lourds,COVlo,microg/m3
1717,COVloPDBL,PDBL,COV Lourds,COVlo,microg/m3
1718,COVloPDBL,PDBL,COV Lourds,COVlo,microg/m3
1719,COVloPDBL,PDBL,COV Lourds,COVlo,microg/m3
1720,COVloPDBL,PDBL,COV Lourds,COVlo,microg/m3
1721,COVloPDBL,PDBL,COV Lourds,COVlo,microg/m3
1722,COVloPDBL,PDBL,COV Lourds,COVlo,microg/m3
1723,COVloPDBL,PDBL,COV Lourds,COVlo,microg/m3
1724,COVloPDBL,PDBL,COV Lourds,COVlo,microg/m3
1725,COVloPDBL,PDBL,COV Lourds,COVlo,microg/m3
1726,COVloPDBL,PDBL,COV Lourds,COVlo,microg/m3
1727,COVloPDBL,PDBL,COV Lourds,COVlo,microg/m3
1728,COVloPDBL,PDBL,COV Lourds,COVlo,microg/m3
1729,COVloPDBL,PDBL,COV Lourds,COVlo,microg/m3
1730,COVloPDBL,PDBL,COV Lourds,COVlo,microg/m3
1731,COVloPDBL,PDBL,COV Lourds,COVlo,microg/m3
1732,COVloPDBL,PDBL,COV Lourds,COVlo,microg/m3
1733,COVloPDBL,PDBL,COV Lourds,COVlo,microg/m3
1734,COVloPDBL,PDBL,COV Lourds,COVlo,microg/m3
1735,COVloPDBL,PDBL,COV Lourds,COVlo,microg/m3
1736,COVloPDBL,PDBL,COV Lourds,COVlo,microg/m3
1737,COVloPDBL,PDBL,COV Lourds,COVlo,microg/m3
1738,COVloPDBL,PDBL,COV Lourds,COVlo,microg/m3
1739,COVloPDBL,PDBL,COV Lourds,COVlo,microg/m3
1740,COVloPDBL,PDBL,COV Lourds,COVlo,microg/m3
1741,COVloPDBL,PDBL,COV Lourds,COVlo,microg/m3
1742,COVloPDBL,PDBL,COV Lourds,COVlo,microg/m3
1743,COVloPDBL,PDBL,COV Lourds,COVlo,microg/m3
1744,COVloPDBL,PDBL,COV Lourds,COVlo,microg/m3
1745,COVloPDBL,PDBL,COV Lourds,COVlo,microg/m3
1746,COVloPDBL,PDBL,COV Lourds,COVlo,microg/m3
1747,COVloPDBL,PDBL,COV Lourds,COVlo,microg/m3
1748,COVloPDBL,PDBL,COV Lourds,COVlo,microg/m3
1749,COVloPDBL,PDBL,COV Lourds,COVlo,microg/m3
1750,COVloPDBL,PDBL,COV Lourds,COVlo,microg/m3
1751,COVloPDBL,PDBL,COV Lourds,COVlo,microg/m3
1752,COVloPDBL,PDBL,COV Lourds,COVlo,microg/m3
1753,COVloPDBL,PDBL,COV Lourds,COVlo,microg/m3
1754,COVloPDBL,PDBL,COV Lourds,COVlo,microg/m3
1755,COVloPDBL,PDBL,COV Lourds,COVlo,microg/m3
1756,COVloPDBL,PDBL,COV Lourds,COVlo,microg/m3
1757,COVloPDBL,PDBL,COV Lourds,COVlo,microg/m3
1758,COVloPDBL,PDBL,COV Lourds,COVlo,microg/m3
1759,COVloPDBL,PDBL,COV Lourds,COVlo,microg/m3
1760,COVloPDBL,PDBL,COV Lourds,COVlo,microg/m3
1761,COVloPDBL,PDBL,COV Lourds,COVlo,microg/m3
1762,COVloPDBL,PDBL,COV Lourds,COVlo,microg/m3
1763,COVloPDBL,PDBL,COV Lourds,COVlo,microg/m3
1764,COVloPDBL,PDBL,COV Lourds,COVlo,microg/m3
1765,COVloPDBL,PDBL,COV Lourds,COVlo,microg/m3
1766,COVloPDBL,PDBL,COV Lourds,COVlo,microg/m3
1767,COVloPDBL,PDBL,COV Lourds,COVlo,microg/m3
1768,COVloPDBL,PDBL,COV Lourds,COVlo,microg/m3
1769,COVloPDBL,PDBL,COV Lourds,COVlo,microg/m3
1770,COVloPDBL,PDBL,COV Lourds,COVlo,microg/m3
1771,COVloPDBL,PDBL,COV Lourds,COVlo,microg/m3
1772,COVloPDBL,PDBL,COV Lourds,COVlo,microg/m3
1773,COVloPDBL,PDBL,COV Lourds,COVlo,microg/m3
1774,COVloPDBL,PDBL,COV Lourds,COVlo,microg/m3
1775,COVloPDBL,PDBL,COV Lourds,COVlo,microg/m3
1776,COVloPDBL,PDBL,COV Lourds,COVlo,microg/m3
1777,COVloPDBL,PDBL,COV Lourds,COVlo,microg/m3
1778,COVloPDBL,PDBL,COV Lourds,COVlo,microg/m3
1779,COVloPDBL,PDBL,COV Lourds,COVlo,microg/m3
1780,COVloPDBL,PDBL,COV Lourds,COVlo,microg/m3
1781,COVloPDBL,PDBL,COV Lourds,COVlo,microg/m3
1782,COVloPDBL,PDBL,COV Lourds,COVlo,microg/m3
1783,COVloPDBL,PDBL,COV Lourds,COVlo,microg/m3
1784,COVloPDBL,PDBL,COV Lourds,COVlo,microg/m3
1785,COVloPDBL,PDBL,COV Lourds,COVlo,microg/m3
1786,COVloPDBL,PDBL,COV Lourds,COVlo,microg/m3
1787,COVloPDBL,PDBL,COV Lourds,COVlo,microg/m3
1788,COVloPDBL,PDBL,COV Lourds,COVlo,microg/m3
1789,COVloPDBL,PDBL,COV Lourds,COVlo,microg/m3
1790,COVloPDBL,PDBL,COV Lourds,COVlo,microg/m3
1791,COVloPDBL,PDBL,COV Lourds,COVlo,microg/m3
1792,COVloPDBL,PDBL,COV Lourds,COVlo,microg/m3
1793,COVloPDBL,PDBL,COV Lourds,COVlo,microg/m3
1794,COVloPDBL,PDBL,COV Lourds,COVlo,microg/m3
1795,COVloPDBL,PDBL,COV Lourds,COVlo,microg/m3
1796,COVloPDBL,PDBL,COV Lourds,COVlo,microg/m3
1797,COVloPDBL,PDBL,COV Lourds,COVlo,microg/m3
1798,COVloPDBL,PDBL,COV Lourds,COVlo,microg/m3
1799,COVloPDBL,PDBL,COV Lourds,COVlo,microg/m3
1800,COVloPDBL,PDBL,COV Lourds,COVlo,microg/m3
1801,COVloPDBL,PDBL,COV Lourds,COVlo,microg/m3
1802,COVloPDBL,PDBL,COV Lourds,COVlo,microg/m3
1803,COVloPDBL,PDBL,COV Lourds,COVlo,microg/m3
1804,COVloPDBL,PDBL,COV Lourds,COVlo,microg/m3
1805,COVloPDBL,PDBL,COV Lourds,COVlo,microg/m3
1806,COVloPDBL,PDBL,COV Lourds,COVlo,microg/m3
1807,COVloPDBL,PDBL,COV Lourds,COVlo,microg/m3
1808,COVloPDBL,PDBL,COV Lourds,COVlo,microg/m3
1809,COVloPDBL,PDBL,COV Lourds,COVlo,microg/m3
1810,COVloPDBL,PDBL,COV Lourds,COVlo,microg/m3
1811,COVloPDBL,PDBL,COV Lourds,COVlo,microg/m3
1812,COVloPDBL,PDBL,COV Lourds,COVlo,microg/m3
1813,COVloPDBL,PDBL,COV Lourds,COVlo,microg/m3
1814,COVloPDBL,PDBL,COV Lourds,COVlo,microg/m3
1815,COVloPDBL,PDBL,COV Lourds,COVlo,microg/m3
1816,COVloPDBL,PDBL,COV Lourds,COVlo,microg/m3
1817,COVloPDBL,PDBL,COV Lourds,COVlo,microg/m3
1818,COVloPDBL,PDBL,COV Lourds,COVlo,microg/m3
1819,COVloPDBL,PDBL,COV Lourds,COVlo,microg/m3
1820,COVloPDBL,PDBL,COV Lourds,COVlo,microg/m3
1821,COVloPDBL,PDBL,COV Lourds,COVlo,microg/m3
1822,COVloPDBL,PDBL,COV Lourds,COVlo,microg/m3
1823,COVloPDBL,PDBL,COV Lourds,COVlo,microg/m3
1824,COVloPDBL,PDBL,COV Lourds,COVlo,microg/m3
1825,COVloPDBL,PDBL,COV Lourds,COVlo,microg/m3
1826,COVloPDBL,PDBL,COV Lourds,COVlo,microg/m3
1827,COVloPDBL,PDBL,COV Lourds,COVlo,microg/m3
1828,COVloPDBL,PDBL,COV Lourds,COVlo,microg/m3
1829,COVloPDBL,PDBL,COV Lourds,COVlo,microg/m3
1830,COVloPDBL,PDBL,COV Lourds,COVlo,microg/m3
1831,COVloPDBL,PDBL,COV Lourds,COVlo,microg/m3
1832,COVloPDBL,PDBL,COV Lourds,COVlo,microg/m3
1833,COVloPDBL,PDBL,COV Lourds,COVlo,microg/m3
1834,COVloPDBL,PDBL,COV Lourds,COVlo,microg/m3
1835,COVloPDBL,PDBL,COV Lourds,COVlo,microg/m3
1836,COVloPDBL,PDBL,COV Lourds,COVlo,microg/m3
1837,COVloPDBL,PDBL,COV Lourds,COVlo,microg/m3
1838,COVloPDBL,PDBL,COV Lourds,COVlo,microg/m3
1839,COVloPDBL,PDBL,COV Lourds,COVlo,microg/m3
1840,COVloPDBL,PDBL,COV Lourds,COVlo,microg/m3
1841,COVloPDBL,PDBL,COV Lourds,COVlo,microg/m3
1842,COVloPDBL,PDBL,COV Lourds,COVlo,microg/m3
1843,COVloPDBL,PDBL,COV Lourds,COVlo,microg/m3
1844,COVloPDBL,PDBL,COV Lourds,COVlo,microg/m3
1845,COVloPDBL,PDBL,COV Lourds,COVlo,microg/m3
1846,COVloPDBL,PDBL,COV Lourds,COVlo,microg/m3
1847,COVloPDBL,PDBL,COV Lourds,COVlo,microg/m3
1848,COVloPDBL,PDBL,COV Lourds,COVlo,microg/m3
1849,COVloPDBL,PDBL,COV Lourds,COVlo,microg/m3
1850,COVloPDBL,PDBL,COV Lourds,COVlo,microg/m3
1851,COVloPDBL,PDBL,COV Lourds,COVlo,microg/m3
1852,COVloPDBL,PDBL,COV Lourds,COVlo,microg/m3
1853,COVloPDBL,PDBL,COV Lourds,COVlo,microg/m3
1854,COVloPDBL,PDBL,COV Lourds,COVlo,microg/m3
1855,COVloPDBL,PDBL,COV Lourds,COVlo,microg/m3
1856,COVloPDBL,PDBL,COV Lourds,COVlo,microg/m3
1857,COVloPDBL,PDBL,COV Lourds,COVlo,microg/m3
1858,COVloPDBL,PDBL,COV Lourds,COVlo,microg/m3
